Entry,genomic_dna_id
A0A1B9NWD5,OCH19518.1
A0A1Q4NU52,OKB64403.1
A0A1S8F1H5,OOE15338.1
F3BQ25,EGI71278.1
M2TQN6,EMD99605.1
A0A0L1LYH3,KNH21378.1
V6MNM6,EST57118.1
F2BCZ7,EGF10673.1
A0A0P9NJJ6,KPX06262.1
A0A1M4T0U6,SHE38056.1
U1K921,ERG43394.1
A0A0P7E1A2,KPM80494.1
A0A2P8VE94,PSN05869.1
A0A2T3BZS9,PSS44582.1
A0A090U3K7,GAL46418.1
A0A0J1PQU3,KLV68025.1
A0A2G1BD06,PHN91669.1
A0A2N5DVB3,PLR30958.1
A0A2I8QZ20,AUV11403.1
A0A1U9R5L2,AQU81435.1
K8W616,EKT52882.1
I4K6C8,EIK60268.1
A0A1Q6CKR6,OKY27024.1
A0A085VPB9,KFE57282.1
A0A2U9ASU5,AWO81133.1
A0A2V1LVV0,PWF69166.1
J3DS50,EJN31924.1
A0A255X0X6,OYQ10562.1
A0A0H2MSE2,KLN65176.1
J3GJT0,EJM67055.1
A0A1H4IFH6,SEB32864.1
A0A0W7TWD1,KUE78139.1
G8PXY8,AEV65128.1
A0A2N1FWZ2,PKH63714.1
A0A1M5YQ31,SHI14182.1
A0A1H8IGU5,SEN67512.1
F4DXR3,AEB60125.1
F3G4D2,EGH41932.1
A0A0F5VBW9,KKC99562.1
A0A0A8UKL4,CEK07304.1
M4WR73,AGI22553.1
J3FM87,EJM38277.1
Q0HZF4,ABI41501.1
W2E0N1,ETK25149.1
A0A0J1YBX5,KLW85696.1
Q1I4G4,CAK17472.1
V0ALZ8,ESA98781.1
A0A1M6CBJ7,SHI58191.1
A0A0C5WEY8,AJR05698.1
A0A2S7X7B1,PQJ87248.1
A0A2N1D6T4,PKG97241.1
A0A0J8VJU8,KMV32745.1
V8K2G2,ETE19586.1
A0A0Q4NLD5,KQN63930.1
A0A2V4SIB0,PYE04890.1
A0A1B1KXH6,ANS45113.1
U3A5C7,GAD68547.1
A0A0K9UVB0,KNA60079.1
A0A2V4F0Z6,PXZ46593.1
A0A1F0UJQ2,OFQ20079.1
A0A0P9LCS2,KPW67208.1
A0A1I1QJ27,SFD19848.1
A0A0N0X9Q1,KPC30008.1
J2RBV1,EJM51901.1
A0A2S6FDK6,PPK35492.1
A0A090NJP6,ESU80404.1
E9YV33,EGB61688.1
A4NVK5,EDK14606.1
D3V6P3,CBJ83322.1
E6MZF8,EFV63179.1
A0A101LM92,KUM41851.1
A0A291K298,ATH80641.1
A0A2U9D2B5,AWP31480.1
A0A2V5C0T5,PYG53081.1
J8VD29,EJT85237.1
A0A177Y2R1,OAJ95120.1
A0A1T1I6S1,OOV97699.1
A0A2S7X3B0,PQJ84724.1
A0A161ZXC9,KZP61345.1
A0A0P0Q847,ALL35451.1
A0A2N8RRW4,PNF77118.1
C7BR68,CAQ86276.1
A0A2N8T2H4,PNG08949.1
A0A1B7UFM9,OBP13209.1
A0A2R4J2A7,AVV35740.1
A0A2S8YUK0,PRA61925.1
A0A2K7ZCV9,AHM71620.1
A0A2L2KXG9,AVH36760.1
A0A0F4PF56,KJY93743.1
D6JG74,EFF10850.2
A0A161XTM2,KZN30658.1
A0A177KFP8,OAH52230.1
A0A2N1IKD4,PKI18718.1
A0A1V3IJW0,OOF41265.1
D2BXG3,ACZ78538.1
A0A0E2KZF8,EQX24917.1
A0A285YU84,SOD00997.1
A0A2N8BAN5,PMY64217.1
B7MCQ7,CAR04896.1
A0A1K1S758,SFW80195.1
A0A099LWC0,KGK11736.1
A0A2A2GWI3,PAV01502.1
A0A0P9PZ51,KPX23948.1
A0A1B7JV38,OAT51758.1
A0A0W8JDG6,KUI98291.1
A6V0B9,ABR83632.1
A0A0T6V9X2,KRW66674.1
A0A0E1M6K7,AJF58099.1
A0A2U9U5H8,AWV25115.1
A0A239YDI8,SNV56274.1
A0A2S7MXE5,PQD94433.1
A0A0M9AXI8,KOX99855.1
S2F163,EPA95734.1
A0A1F2KC55,OFV19729.1
A0A221ID70,ASM51823.1
A0A0Q5EEI8,KQQ49921.1
A0A0N0VVU5,KPY64083.1
A0A0Q8NPK2,KRB63215.1
A0A2N1HBW3,PKH85151.1
A0A0X4EGH4,KUQ80797.1
A0A1K2CIP5,SFY10834.1
A0A2R7MTL4,PTT25361.1
A0A0F6LM44,KIS77193.1
A0A2S4S6D5,POV23680.1
A0A1V3L7A2,OOF82848.1
A0A1V3L7A2,OOF87079.1
A0A1V3L7A2,OOF85735.1
A0A1V3JSR5,OOF59471.1
A0A1V3JFH5,OOF55368.1
A0A1V3IUC1,OOF45850.1
A0A1V3KPN4,OOF79123.1
A0A1V3KDC0,OOF71391.1
A0A1V3KJZ3,OOF77668.1
A0A1V3J4Q9,OOF50022.1
A0A1V3IHN4,OOF40643.1
A0A1V3IAF8,OOF37018.1
A0A1V3KVT3,OOF81408.1
A0A2D8P1J0,MAM59286.1
A0A2X2KG04,SQA03546.1
A0A2W6B4A6,PZR92314.1
A0A2S4GAJ8,POO98345.1
A0A220YVF7,ASL27807.1
A0A136H4U6,KXJ50409.1
A0A1H1Z7S4,SDT29764.1
A0A2T5P8K9,PTU74079.1
A0A1E3XSG9,ODS46867.1
A0A024KR02,CDU34511.1
A0A1Y5E3D5,OUR75525.1
A0A117KHH9,KUJ86426.1
A0A2D5VRW4,MAE22915.1
A0A1H2E4Q0,SDT90030.1
A0A2D6J610,MAF87128.1
A0A2M8J8S1,PJE39172.1
A0A2D8A1W5,MAK87923.1
A0A2D8IMQ3,MAL93215.1
A0A2E9AXE9,MBS67421.1
A0A2X2E665,SPZ02370.1
A0A2S4C045,POI76920.1
A0A2X1QZF3,SPX64338.1
D2TVJ7,CBA71377.1
A0A2X3ZLG2,SQF83136.1
A0A222RK84,ASQ78824.1
A0A2U1TZH9,PWC14816.1
A0A2X2CAZ2,SPY79224.1
A0A239H594,SNS75424.1
A0A2E4U4S4,MBF59346.1
A0A2G2BWA4,PHR04232.1
P44588,AAC21905.1
A0A2E6C8M0,MBJ64711.1
P36675,BAE78000.1
P36675,ABD18700.1
P36675,AAA24772.1
A0A2U8YFS4,AWN79752.1
A0A0I9SSI5,KJS80796.1
A0A222QQW9,ASQ68898.1
A0A0A5JZ98,KGY13233.1
A0A1Y5HWT3,OUS41570.1
A0A2X2KZQ0,SPZ82480.1
A0A2Y9TXS8,AWH88495.1
A0A2U9N8F8,AWT08793.1
A0A258C7Q4,OYW91403.1
A0A2W5CZV8,PZP25265.1
A0A2E6K3V8,MAX92838.1
A0A2E6K3V8,MBK61146.1
A0A2G2LDW6,PHS17843.1
A0A2G2LDW6,PHS20981.1
A0A1D3I834,SBO69292.1
A0A1D3I834,SBO67686.1
A0A1D3I834,SBO67395.1
A0A1D3I834,SBQ20130.1
A0A1D3I834,SBO49299.1
A0A1D3I834,SBO52273.1
A0A1D3I834,SBO64737.1
A0A1D3I834,SBO69556.1
A0A1D3I834,SBO50131.1
A0A1D3I834,SBO64032.1
A0A1D3I834,SBO53692.1
A0A1D3I834,SBO52274.1
A0A1D3I834,SBN09872.1
A0A1B5F8P0,CRM94385.1
A0A1B5F8P0,CRM95197.1
A0A2G2E540,PHR42591.1
A0A2G2E540,PHR31916.1
A0A2D5CGL3,MAB98793.1
A0A2D5CGL3,MBQ53736.1
A0A2D7N4G1,MAJ40289.1
A0A2D7N4G1,MAJ41817.1
A0A1Z9WVU8,OUX81839.1
A0A1Z9WVU8,OUX87678.1
A0A2X2TK10,SQA64532.1
A0A2X2TK10,SQB02131.1
A0A2U1TK84,PWC09816.1
A0A259NKB0,OZB36878.1
A0A2D1GN78,ATN93434.1
A0A1G9X2Z7,SDM90743.1
A0A290TW11,ATD07311.1
W5ITG4,ETM65537.1
A0A023RF32,AHX59590.1
A0A0V8T0F5,KSW26036.1
A0A1M7PA36,SHN13690.1
A0A237EXM3,OYK66254.1
A0A0A6PP40,KHD12109.1
G7G8D8,GAA81661.1
A0A2T9DWT6,PVK28615.1
V9WZH6,AHD16576.1
A0A1G8CX28,SDH49669.1
W0AVY7,AHE60529.1
J2P2B9,EJM24126.1
V0YFN6,ESD78514.1
D4GCF0,ADD78761.1
A0A237LB12,OYI57686.1
A0A0N8RN38,KPX44511.1
A0A2G5MAR3,PIB50832.1
A0A2K4LTH6,POA88150.1
A0A1D7YYB0,AOR62628.1
A0A2U8FLW7,AWI51995.1
A0A0C4WPZ1,AJE22674.1
E9TI55,EGB87071.1
E2PE21,EFH23341.1
A0A0W0NIB4,KTC34154.1
A0A0C1Z365,KIF50619.1
A0A246GYV2,OWQ37395.1
A0A2S8E910,PQN54332.1
A0A2S8DCW0,PQN08470.1
A0A1V0L895,ARD58781.1
A1S2T8,ABL98694.1
A0A0S4HX35,CRL50400.1
A0A1Y3P155,OUM73548.1
I8U5H5,EIW88581.1
F9GNR2,EGT75919.1
A0A0H3H2F0,AEX02583.1
A0A0J8G3E6,KMT55494.1
A0A2A7PLZ6,PEG63782.1
A0A291CTY9,ATF47662.1
A0A2V3SK77,PXW20138.1
A0A0L5WYZ0,KNW69631.1
A0A2J9VKZ9,PNM64449.1
A0A0Q0E1J9,KPZ14821.1
A0A022PH28,EYU13800.1
A0A0A5HXG7,KGY10262.1
A0A0V2DDS9,KSB66043.1
S2KPD6,EPC02333.1
A0A1C4GE32,SCC66460.1
A0A2A5JNM3,PCK31043.1
W1MG48,EQL39101.1
Q6CZZ7,CAG76901.1
A0A1Z5I2X7,GAW95941.1
I2SU66,EIH24337.1
A0A094U1H9,KGA56395.1
A0A0F4QWS5,KJZ12128.1
A0A0K9TDY7,KNA42171.1
J4TU61,EJP29364.1
A0A1X2RFH4,OSD60741.1
A0A1X7QD83,SMH62174.1
A0A220RER6,ASK19636.1
L0MKL3,AGB84418.1
A0A0Q8A5F1,KQZ81155.1
T2L6D2,CDG52781.1
A0A1S1BT72,OHP09813.1
A0A1V2J0Z2,ONH39122.1
E0J754,ADT76910.1
H2IS04,AEX50335.1
A0A172Z8V9,ANF88469.1
A0A1V9UAF9,OQR26699.1
A0A2V4JH10,PYC07888.1
W9SX46,EXF42828.1
A0A2N1C2E6,PKG83482.1
A0A2A7M0Y5,PWR56561.1
A0A2A7M0Y5,PEG21296.1
J7QHW8,SQM89175.1
J7QHW8,SRA13085.1
J7QHW8,PPY96882.1
J7QHW8,ALY14828.1
J7QHW8,OYC68303.1
J7QHW8,SQS05495.1
J7QHW8,SQR53410.1
J7QHW8,CTT99388.1
J7QHW8,SQK51013.1
J7QHW8,KNZ97796.1
J7QHW8,PSY87988.1
J7QHW8,SQY51229.1
J7QHW8,PKD85872.1
J7QHW8,AUV32272.1
J7QHW8,KYT00807.1
J7QHW8,SRA14731.1
J7QHW8,KFD78004.1
J7QHW8,SQP25622.1
J7QHW8,ANO91211.1
J7QHW8,KPO55011.1
J7QHW8,SRA93028.1
J7QHW8,OTE90213.1
J7QHW8,AUJ99387.1
J7QHW8,OKU14754.1
J7QHW8,SQL29764.1
J7QHW8,SQW53560.1
J7QHW8,SQT99283.1
J7QHW8,AUL68392.1
J7QHW8,AVM99584.1
J7QHW8,ORJ74675.1
J7QHW8,SQM46569.1
J7QHW8,KYV80026.1
J7QHW8,SQM10562.1
J7QHW8,KJW32624.1
J7QHW8,AKH23970.1
J7QHW8,CTS50934.1
J7QHW8,PBU41289.1
J7QHW8,AJE57851.1
J7QHW8,AWJ97672.1
J7QHW8,SQK91588.1
J7QHW8,PPZ52116.1
J7QHW8,SRA88228.1
J7QHW8,SRA75274.1
J7QHW8,SQP98925.1
J7QHW8,KJW44589.1
J7QHW8,SQD01113.1
J7QHW8,KNF73168.1
J7QHW8,PSG81164.1
J7QHW8,PBT39369.1
J7QHW8,SQW46671.1
J7QHW8,SQP36500.1
J7QHW8,RAU09695.1
J7QHW8,SQB81920.1
J7QHW8,SRB14595.1
J7QHW8,OJR50674.1
J7QHW8,SQU29056.1
J7QHW8,SQB76235.1
J7QHW8,OJM89761.1
J7QHW8,SQN03294.1
J7QHW8,PPW59053.1
J7QHW8,CCJ45908.1
J7QHW8,ATX10517.1
J7QHW8,SRA85151.1
J7QHW8,SQQ80774.1
J7QHW8,SQY79088.1
J7QHW8,OEN31403.1
J7QHW8,PZT67553.1
W8TUP5,PQP07198.1
W8TUP5,AOM43497.1
W8TUP5,KPO07035.1
W8TUP5,AOM71805.1
W8TUP5,PSY69897.1
W8TUP5,ARR33378.1
W8TUP5,SQV72535.1
W8TUP5,KNF65547.1
W8TUP5,CTV92364.1
W8TUP5,SQJ67269.1
W8TUP5,AUL83226.1
W8TUP5,SRA86122.1
W8TUP5,RAY03814.1
W8TUP5,SPX09120.1
W8TUP5,SRA91951.1
W8TUP5,SRY04769.1
W8TUP5,PZY20260.1
W8TUP5,SQZ40087.1
W8TUP5,SQJ69659.1
W8TUP5,SQZ14845.1
W8TUP5,PHX01793.1
W8TUP5,SQX90846.1
W8TUP5,OWD58180.1
W8TUP5,ART26423.1
W8TUP5,KQJ36904.1
W8TUP5,SQQ12710.1
W8TUP5,OAC42436.1
W8TUP5,SPX07812.1
W8TUP5,SQP34647.1
W8TUP5,OJP10335.1
W8TUP5,APA40347.1
W8TUP5,KXR86997.1
W8TUP5,OLR84255.1
W8TUP5,PBR49732.1
W8TUP5,SQZ61289.1
W8TUP5,CTW63094.1
W8TUP5,SQO65950.1
W8TUP5,SQP81726.1
W8TUP5,SQZ56922.1
W8TUP5,SQJ89762.1
W8TUP5,OEI66471.1
W8TUP5,SQK31286.1
W8TUP5,SQB71617.1
W8TUP5,SQV31673.1
W8TUP5,SRZ16246.1
W8TUP5,OUK89823.1
W8TUP5,SRY67539.1
W8TUP5,SQU66096.1
W8TUP5,RAX93310.1
W8TUP5,ORS99936.1
W8TUP5,PZZ49831.1
W8TUP5,SQX87609.1
W8TUP5,SRA21322.1
W8TUP5,SRY40404.1
W8TUP5,AWV12770.1
W8TUP5,RAX32628.1
W8TUP5,SQY00351.1
W8TUP5,PSZ11231.1
W8TUP5,AIX65239.1
W8TUP5,SQP87924.1
W8TUP5,PPZ55854.1
W8TUP5,PJG35027.1
W8TUP5,SQZ34578.1
W8TUP5,SQM43586.1
W8TUP5,AMW43063.1
W8TUP5,SQQ65447.1
W8TUP5,SPW45519.1
W8TUP5,SQX34639.1
W8TUP5,SQR76472.1
W8TUP5,OKB91210.1
W8TUP5,SQY46476.1
W8TUP5,OOC76249.1
W8TUP5,OTB34369.1
W8TUP5,SQW84273.1
W8TUP5,CTT34175.1
W8TUP5,SQK76371.1
W8TUP5,KXL68927.1
W8TUP5,OZX91679.1
W8TUP5,SQS25787.1
W8TUP5,SRY06356.1
W8TUP5,OJS86712.1
W8TUP5,SRZ62572.1
W8TUP5,CDU37560.1
W8TUP5,OKU06467.1
W8TUP5,KQJ12440.1
W8TUP5,SQK18039.1
W8TUP5,PNO96523.1
W8TUP5,PSZ81327.1
W8TUP5,OTD94533.1
W8TUP5,APJ78682.1
W8TUP5,SQE49359.1
W8TUP5,PZY05636.1
W8TUP5,CTU05522.1
W8TUP5,AIZ88916.1
W8TUP5,CTZ96530.1
W8TUP5,SQQ34110.1
W8TUP5,PAU08337.1
W8TUP5,PEI00649.1
W8TUP5,SQN13655.1
W8TUP5,SQP33595.1
W8TUP5,OOK25469.1
W8TUP5,ONG29317.1
W8TUP5,SRY51016.1
W8TUP5,SSA05138.1
W8TUP5,AUO34152.1
W8TUP5,SQZ32434.1
W8TUP5,CTZ72124.1
W8TUP5,SQB52352.1
W8TUP5,KST30052.1
W8TUP5,SQS90174.1
W8TUP5,ONG35955.1
W8TUP5,SRY54378.1
W8TUP5,SQJ75387.1
W8TUP5,KHJ18537.1
W8TUP5,SQS57417.1
W8TUP5,SQU14098.1
W8TUP5,SQQ17938.1
W8TUP5,KXG98401.1
W8TUP5,CTW60841.1
W8TUP5,SQM68696.1
W8TUP5,SQN76843.1
W8TUP5,SQT46851.1
W8TUP5,KYR62903.1
W8TUP5,SPW88106.1
W8TUP5,OWC05925.1
W8TUP5,PSY88387.1
W8TUP5,SQS50434.1
W8TUP5,AWS63040.1
W8TUP5,OUK47729.1
W8TUP5,PYH06276.1
W8TUP5,PZY30021.1
W8TUP5,PBR06935.1
W8TUP5,AWS38566.1
W8TUP5,CTS04675.1
W8TUP5,SQO81903.1
W8TUP5,PSG57776.1
W8TUP5,SRB22500.1
W8TUP5,ONK50707.1
W8TUP5,PZZ67139.1
W8TUP5,KLX94223.1
W8TUP5,APT00930.1
W8TUP5,SQQ58165.1
A0A0D8WFZ0,SQX25310.1
A0A0D8WFZ0,OWX80097.1
A0A0D8WFZ0,SQO10732.1
A0A0D8WFZ0,AWR82399.1
A0A0D8WFZ0,SRB69884.1
A0A0D8WFZ0,KJH08816.1
A0A0D8WFZ0,SQU56797.1
A0A0D8WFZ0,SQV17196.1
A0A0D8WFZ0,SQU47428.1
A0A0D8WFZ0,SQU41451.1
A0A0D8WFZ0,SRB59308.1
A0A0D8WFZ0,OKB70504.1
A0A0D8WFZ0,SQM78611.1
A0A0D8WFZ0,SQW70718.1
A0A0D8WFZ0,PNB89654.1
A0A0D8WFZ0,ALL88619.1
A0A0D8WFZ0,SQQ64583.1
A0A0D8WFZ0,SPW61273.1
A0A0D8WFZ0,SQU51888.1
A0A0D8WFZ0,KSX91994.1
A0A0D8WFZ0,SRA01883.1
A0A0D8WFZ0,SQV00062.1
A0A0D8WFZ0,SRY25401.1
A0A0D8WFZ0,SQX82463.1
A0A0D8WFZ0,OXK50172.1
A0A0D8WFZ0,SRA00038.1
A0A0D8WFZ0,OJR14202.1
A0A0D8WFZ0,SQW96355.1
A0A0D8WFZ0,SQY92108.1
A0A0D8WFZ0,SQN09409.1
A0A0D8WFZ0,AQV29409.1
A0A0D8WFZ0,SQW85246.1
A0A0D8WFZ0,PWH57035.1
A0A0D8WFZ0,OWE30979.1
A0A0D8WFZ0,OJR07558.1
A0A0D8WFZ0,SRB35756.1
A0A0D8WFZ0,SQT76731.1
A0A0D8WFZ0,SRY32422.1
A0A0D8WFZ0,SQV10540.1
A0A0D8WFZ0,SQT29452.1
A0A0D8WFZ0,SQZ96123.1
A0A0D8WFZ0,PWS02690.1
A0A0D8WFZ0,SQQ94305.1
A0A0D8WFZ0,PQP27885.1
A0A0D8WFZ0,SQY02378.1
A0A0D8WFZ0,SQY91203.1
A0A2T2XVS4,PSR44347.1
A0A1X0VXE8,ORJ19150.1
A0A1F0DQD5,OFO25749.1
A0A0P8WFR5,KPU51942.1
A0A1T3AA69,OPB13496.1
A0A0N9WGK8,ALI00703.1
A0A0J5P6Y9,KMK52158.1
A0A240CCB7,SNW05624.1
L1M356,EKX85401.1
Q3ICZ1,CAI89163.1
A0A293PXX5,OOQ42919.1
A0A0P9J5U0,KPW42026.1
A0A1W5DS51,SMB51739.1
A0A2I0FQ17,PKH18750.1
A0A2T3NMX7,PSW16867.1
A0A093UPL2,KFX10198.1
A0A2T3X576,PTA87639.1
A0A1M6XDR9,SHL04134.1
A0A0F9QGE9,KKN43140.1
A0A1V3JBD1,OOF54010.1
A0A1V3JWC8,OOF64672.1
A0A1V3K4Z5,OOF68139.1
A0A1V3J565,OOF50234.1
A0A0F9YZ09,KKO10044.1
A0A0F9KGG2,KKM21243.1
W1WLF6,ETJ19052.1
A0A1U7E1N0,APZ05358.1
A0A2J6PBM8,PMC57263.1
A0A1H4TUU7,SEC59841.1
A0A077QFU5,CDH31930.1
A0A1R0E764,OLV26156.1
Q87VW9,AAO58245.1
Q31VY5,ABB67773.1
A0A0T9PBW5,CNH54224.1
A0A208ZAI4,OVZ77393.1
A0A0T9KZT0,CNE45490.1
A0A285GN23,SNY24957.1
A0A2P8LA53,PSL92071.1
A0A097R6Z6,AIU74482.1
A0A0R2YR30,KRP51026.1
A0A1B8T4F2,OBY51790.1
A0A2S4RLM4,POU50544.1
A0A0S2K1A6,ALO42091.1
A0A1Q8EK37,OLF52171.1
A0A2K9C393,AUF98097.1
F4NN13,EGJ07544.1
A0A1G3ED76,OHC29888.1
T9CJ33,EQY15294.1
A0A0P9L1C0,KPW63042.1
A0A2V2AGE1,PWK41093.1
J0MBJ3,EJF31334.1
A0A2A7T9U4,PEH54575.1
A0A263NUD7,OZO03683.1
A0A173JSK3,ANI62631.1
A0A176VCP2,OAE17765.1
A8AQI6,ABV15749.1
Q8EA36,AAN57047.1
A0A1X3IUF9,OSK90329.1
A0A2R4TS42,AWA05307.1
A0A1Q9GI25,OLQ74097.1
W6V489,EUB73671.1
A0A1F0IXK4,OFO90132.1
A0A0G3GA03,AKJ98060.1
A0A0A6DEX5,KHA73257.1
U1ZSW3,ERI50755.1
A0A1B7K773,OAT55932.1
A0A0Q0EI49,KPZ30447.1
G4F6B0,EHA15810.1
A0A0A8FHI0,AJC67868.1
A0A0T9U8K5,CNL24163.1
A0A2N0VUI8,PKE27508.1
A0A0T9QTI2,CNI27071.1
R9V9G2,AGN80696.1
A0A0F4XF99,KKA04570.1
A0A1R4KUZ7,SJN47893.1
A0A2X4RI26,SQH96882.1
A5W9I2,ABQ80792.1
A0A2X5NEX7,SQK71771.1
A0A0C3EDH8,KIN12508.1
A0A1V3W7D7,OOK62678.1
V6FWP6,EIH45165.1
A0A0M3GAK5,KKZ59539.1
A0A2H2ZBF5,CRM56670.1
A0A0M3G1C4,KKZ54799.1
A0A1B8PBQ3,OBX40039.1
A0A2I0C950,PKF24559.1
I3UTE9,AFK68770.1
A0A1V3TK81,OOH86215.1
A0A252EZ51,OUM13504.1
A0A2N0CQY8,PKA30354.1
A0A239E8W3,SNS40728.1
A0A0P9LG40,KPW16000.1
A0A0E3ML42,AKA82825.1
A0A077PXJ9,CDH25397.1
A0A2T5Z730,PTX27350.1
A0A2D8RI61,MAM89639.1
I4MWI5,EIK93575.1
D7HAN3,EFH74168.1
A0A2J7TNH4,PNG29688.1
A0A1N6MS90,SIP71690.1
A0A2I8D4K1,AUT42071.1
A0A0W0PLR3,KTC47557.1
A0A142H7E6,AMR24804.1
A0A1G8MWA8,SDI72184.1
A0A0N0W596,KPB67748.1
A0A0J1JRR7,KLV40659.1
A0A1W6MB35,ARN68414.1
A0A258BW93,OYW87373.1
A0A1G9AXM7,SDK31624.1
A0A2D0IMN6,PHM23077.1
L3NTV0,ELE39341.1
A0A0P9UZ80,KPX95460.1
A0A0F7Y4W2,CRI59285.1
D4C5Z9,EFE51299.1
A0A0W0N981,KTC31083.1
W1J2S2,CDL84373.1
A0A2M9R9L9,PJR58431.1
H5V7S1,GAB54029.1
A0A1F1PYS7,OFS69986.1
A0A2N7ZRN8,PMY11930.1
A0A1S2UW58,OIN50395.1
A0A0R2YIK1,KRP45022.1
A0A0T9T4A8,CNK58920.1
V1DHR9,ESE40651.1
A0A2R7SAZ2,PTT80584.1
A7ZSI0,ABV18390.1
A0A2N7GF89,PMK00893.1
Q87IQ3,BAC61896.1
A0A0P9LH49,KPW73889.1
F4T4H6,EGI13730.1
W0HSS6,AHF75562.1
A0A1H8PYV1,SEO47169.1
A0A094U775,KGA39473.1
A0A1E3N063,ODQ08528.1
A0A0R3CEC8,KRP95794.1
A0A2S4KB27,POR08963.1
A0A1S8CGJ3,OMQ21172.1
A0A2A2DQK5,PAU54825.1
A0A167QE11,OHY42477.1
A0A1Q4MEX7,OKA73567.1
A0A2H9U593,PJG59128.1
V0A5M3,ESA89205.1
A0A2G4U2X0,PHZ27116.1
J3ESN1,EJM18152.1
A0A0T9KQB4,CNE20427.1
C9PMC1,EEX51341.1
A0A1X1BSR5,ORM51303.1
A0A291AC17,ATE75597.1
A0A0B6FK67,AJI86080.1
A0A2I1XAI0,PLA39652.1
F9EY18,EGQ76291.1
A0A2C6DHS7,PHI27862.1
A0A0P9SH03,KPX56324.1
A0A0A6QR94,KHD25344.1
A0A2N5DUE8,PLR30419.1
A0A2S8YB27,PRA54788.1
F3H1R3,EGH53276.1
M4R8T2,AGH38573.1
F3HM48,EGH60418.1
G2S1E1,AEN66713.1
I4JPH6,EIK54366.1
A0A2G0WD74,PHN30642.1
A0A1E5MUL4,OEI72341.1
A0A2S3TV60,POD77481.1
A0A099E7C0,KGI93897.1
A0A0Q0AUH7,KPY37565.1
D0IH71,EEY99996.1
A0A291TPC9,ATL94890.1
A0A1J0EJK3,APC16151.1
A0A1L9L155,OJI58479.1
U1QGY9,ERH26905.1
F4VJT2,EGI43857.1
J2Y4B8,EJN31830.1
A0A1V0HGA7,ARC51712.1
A0A2P1PE11,AVP93076.1
C4LF27,ACQ93194.1
A0A0T9M770,CNF70687.1
A0A1H8A7B4,SEM66782.1
A0A0U1JGG5,CNR82321.1
A0A1E2TXK0,ODB43155.1
A0A1Y2SIE1,OTA17782.1
A0A2V4WA05,PYE59006.1
A0A0M7PIF9,CUK11939.1
A0A1I2HTH8,SFF33505.1
A0A031FLP2,EZP25523.1
A0A1K1ZLC5,SFX74880.1
A0A2T5H794,PTQ67451.1
A0A0G3QJF6,AKL14868.1
A0A2K9CER6,AUG10128.1
A0A2D6E520,MAF25484.1
A0A220UJG3,ASK67843.1
A0A2A2N1C2,PAW08295.1
C4SCH2,EEQ10668.1
A0A031J4H3,EZP68714.1
A0A1G4ZS30,SCX68361.1
A0A2S5FA26,PPA29266.1
A0A2P5IH54,POW51557.1
A0A2G0WI92,PHN32468.1
J2NDY1,EJM08554.1
A0A167FDR1,KZN52104.1
A0A2H4VVL2,AUB73829.1
L3PZ64,ELE52592.1
Q7MYH8,CAE17071.1
M3UWH4,EMH80712.1
A0A0W0NIJ5,KTC34411.1
S6U2J5,EPN32597.1
A0A1B3CBF4,AOE62377.1
A0A2N8EVK9,PNB37173.1
A0A1B5CTD4,CRM08528.1
A0A0Q0BRK2,KPY80991.1
A0A0E0XTE5,AFS72438.1
A0A270PJB9,PAM83988.1
R9VNZ0,AGN86006.1
A0A112KRE5,CWR34122.1
A0A100V589,GAS75769.1
A0A077P556,CDH05713.1
A0A2L0TGV0,AUZ71454.1
Q1R641,ABE09173.1
F4TL14,EGI18977.1
A0A2T0YVL1,PRZ26667.1
A3QAR9,ABO22567.1
S2K4M4,EPB95522.1
F2C2W1,EGF15406.1
A0A2N5WI94,PLW61953.1
A0A1I4DEK2,SFK91190.1
G7F455,GAA67947.1
A0A0Q4M7Y7,KQN49611.1
A0A2R7TFX5,PTT94679.1
A0A165RHE8,ANB52848.1
A0A1Y6JET2,SMS08436.1
A0A0M2V675,KKO45140.1
A0A2G0Z1A0,PHN63418.1
A0A2R9T612,EOR78153.1
D7X2X3,EFJ75386.1
J3D3T7,EJL84114.1
A0A2N1BDU9,PKG70874.1
A0A0R2ZHK1,KRP57828.1
Q4QNV1,AAX87296.1
A0A1H4WZ51,SEC98587.1
A0A1L7G450,APU31852.1
A0A1B8HKM8,OBU09794.1
A0A0H5AD17,AKS07943.1
A0A2N1I3M1,PKI12642.1
A0A1T4SBY5,SKA25418.1
A0A2N1Y9S5,PKM17973.1
E5B9U8,CBX82255.1
A0A2U9HD81,AWR70749.1
A0A0C5VPC4,AJR00996.1
A0A2G1ZLN3,PHQ76648.1
A0A2A2IW41,PAV48121.1
A0A1D3FJR8,SBO62856.1
A0A2X3E9G0,SQC34356.1
Z2EU73,EVU19317.1
A0A1C2KE65,OCX98741.1
A0A2E2LYC1,MAY58800.1
A0A257D6G6,OYT96888.1
A0A1D3F4H1,SBQ19621.1
A0A2X2H924,SPZ64771.1
A0A136H8J6,KXJ51818.1
A0A1K3RKG2,SGE31338.1
A0A2R2ZAQ4,AUI65504.1
A0A2N1Z2B9,PKM27595.1
A0A2W5XUX4,PZR43631.1
A0A2X2NJR3,SQA43476.1
A0A2S6VSI8,PPS59019.1
A0A2S4B800,POI67451.1
A0A2X2GJS7,SPZ54863.1
A0A170LV35,SAP70020.1
A0A2E2KKB1,MAY41961.1
A0A2E5FNP3,MBH00555.1
F4N1N8,CBX71996.1
A0A212I3S8,SBV61424.1
A0A1D2Q5X1,ODQ37757.1
A0A1C2E4H0,SEU02203.1
A0A1C2E4H0,OCX21892.1
B7LHZ3,CAU99989.1
A0A059IB58,KDA94179.1
A0A1G8EHW3,SDH69467.1
A0A0M2T2X4,KKL00020.1
Q4ZN86,AAY39386.1
S4YPC6,AGP46305.1
J2SFM3,EJM65791.1
A0A0P7JGS1,KPN71054.1
A0A024EEF6,AHZ71299.1
A0A2G5FEY8,PIA66546.1
A0A0F6B7K7,ACY90505.1
A0A0J1JT78,KLV05487.1
A0A0W2HVT1,KTI31316.1
S0UAT2,EOU46352.1
X2JYK6,AHN70990.1
A0A059L8X3,KDD70788.1
A0A090K047,CED57078.1
A0A0Q0X227,KQB53755.1
A0A0T9PAF1,CNH54436.1
A0A1X7CH73,SME96039.1
A0A2G8E0B9,PIJ67706.1
A0A291DSW6,ATF90809.1
A0A2D2MBH7,ATR84888.1
A0A263HF06,OZN25146.1
A0A2K4FZV4,POA16869.1
A0A1W1Z204,SMC42416.1
H3RGG9,EHT99526.1
A0A1S1N6X6,OHU94011.1
A0A1H1Q073,SDS16878.1
J2T1Y0,EJM73626.1
A0A1V4NPG3,OPW88589.1
F9H1P9,EGT78633.1
A0A077N2P8,CDG92276.1
I0QLS9,EIC82252.1
A0A2T9GV03,PVL49925.1
A0A0A1YET4,KFX67526.1
A0A0M0I4L1,KOO09037.1
D6I1Y2,EFE61167.2
A0A290TE63,ATD01422.1
A0A0W0HWU4,KTB65307.1
A0A2N7MZ34,PMO37130.1
A0A0B6XEE8,CDM91915.1
A0A1E5BAP9,OEE30901.1
J3H675,EJM85755.1
Q664U9,CAH22908.1
Q4K5H3,AAY94652.1
A0A2I8NML3,AUU82960.1
A0A285L848,SNY80237.1
A0A285HD28,SNY33638.1
A0A0D6BQR4,BAQ77094.1
A0A2T9UJ92,PVU43406.1
A0A1V9DR18,OQP36292.1
A3N0C3,ABN73859.1
A0A0M0M8T5,KOO59670.1
A0A1Y0KNA6,ARU87203.1
W7NI57,EWG66014.1
A0A1G4UQH3,SCW95908.1
A0A2R3ISB9,AVK04838.1
U3H684,EQM67201.1
A0A172YDX9,ANF57433.1
A0A173J8K8,ANI56805.1
F4HEI8,AEC18074.1
A0A2M7HQD3,PIW59963.1
A0A0Q0CW76,KPY31005.1
A6B167,EDM60064.1
S1GJ21,EOW02987.1
T0PI96,ATP10996.1
E6BI40,EFU35843.1
A0A0N8RKZ8,KPX38591.1
F9Q6W4,EGV07206.1
B0TTB4,ABZ78055.1
A0A1N6ZQ32,SIR28970.1
A0A061D1D8,CDR92699.1
W2DB99,ETK16664.1
A0A0P9HFX1,KPW19624.1
A0A0Q0HPS2,KPZ66789.1
A0A223EIV5,ASS95178.1
A0A1X1D097,ORM70122.1
A0A0L0AS72,KNC10587.1
C3LUK7,ACP07162.1
C0DS05,EEG25123.1
A0A0P9QII8,KPX31125.1
A0A1X3K2T9,OSL41547.1
A0A2N1X1G6,PKM02803.1
B5RH44,CAR39798.1
A0A1A9S807,OAM34463.1
A0A0J1MND3,KLV76137.1
A0A1X3LCA5,OSL68516.1
A0A1R4HZA2,SJN12875.1
A0A1C3EKJ7,ODA33761.1
A0A2N5EHS8,PLR43852.1
A0A2K9A5W1,AUD58967.1
A0A2S5I7N1,PPB13804.1
A0A2I0DV21,PKG57480.1
A0A0T6VLC1,KRW71025.1
A0A1G4WY52,SCX32167.1
A0A2J7UZT1,PNG44533.1
A0A0N0E2P2,KPA89129.1
A0A1G3D983,OHC16265.1
E8LTZ2,EGA65828.1
A0A0U1KIF8,CQR17279.1
A0A0Q0H4R6,KPZ66946.1
E5YLT1,EFV38908.1
A0A202CQL0,OVE66040.1
A0A0M9HVE8,KPX90626.1
A4WFA0,ABP62380.1
A0A0J6GQL9,KMM86981.1
A0A2D0LGF5,PHM74804.1
A0A2S4Q5P7,POT23883.1
A0A0P9LLQ5,KPW79061.1
W0N191,AHG42851.1
A0A0C3MWQ3,KIO38172.1
A0A0N1MDL1,KPH02588.1
A0A0J8YGK5,KMV68495.1
A0A0F3WYJ8,KJX07955.1
A0A0T9RE90,CNI58361.1
S3MPI6,EPF68448.1
A0A0T9UTZ8,CNL71145.1
A0A209AVE6,OVZ96734.1
A0A0J0GFC5,OEH11271.1
W0HFK5,AHF69620.1
U3B1M6,GAD63769.1
A0A0K0HN09,PNK96707.1
A0A1C6Z349,SCM53633.1
A0A2K4FHP9,POA10455.1
A0A2N3P9U0,PKT64397.1
D8A1K3,EFK22985.1
A0A0Q6Q736,KQV13099.1
A0A0W1KNB3,KTF08766.1
A0A2V3N9N6,PXU46503.1
J3FQB3,EJM41002.1
C4SQ60,KGA45300.1
A0A2W5SA81,PZQ98849.1
A0A2A2MBY3,PAV96238.1
J2SPK0,EJM63814.1
A0A0A1HWH9,CDF94344.1
D3VHT9,CBJ88428.1
A0A2S7W482,PQJ70306.1
A0A025C3Y3,EYV10382.1
F4SQ18,EGI08507.1
F9T6Z2,AIW16618.1
A0A2S5ALY7,POY43113.1
A0A2U3ERV1,PWI77236.1
G8LHD0,AEW75521.1
A0A221ZH73,ASO61888.1
E0SIU3,ADN00271.1
A0A080IN06,KEO29070.1
B0KJX1,ABZ00735.1
A0A0A2YFE2,KGQ41882.1
L0LXZ4,AGB76478.1
A0A0A2ZPC3,KGQ56625.1
A0A209AL19,OVZ93450.1
A0A0T9UMQ7,CNL53952.1
A0A0G3CM04,AKJ40968.1
S1C9M9,EOV46522.1
A0A1Q9XJI6,OLU23300.1
A0A246NCS8,OWS73892.1
A0A2G0QEH0,PHM57601.1
A0A2N1D021,PKG94902.1
A0A0J6GHY3,SEE61156.1
S1D579,EOV54293.1
G3Z476,EGY60506.1
S5J0F0,AGQ93725.1
A0A2T4MUQ2,PTH78216.1
A0A2T4N097,PTH80196.1
A4CC09,EAR27896.1
A0A1S1HQH2,OHT23661.1
W0L7W7,AHG19893.1
A0A241S812,ASG86479.1
A0A1V2K6D8,ONH52676.1
W7Q2Y3,EWH02237.1
A0A2N0E1B4,PKA73884.1
A0A1B8HBR4,OBU06518.1
A0A1B8HC76,OBU06676.1
F7RSM7,EGM68702.1
B5ETJ0,ACH63485.1
A8H857,ABV88744.1
E0EXL5,EFM94428.1
A0A1G5NY27,SCZ42243.1
A0A0H3FAE7,ADW72001.1
A0A2V5B793,PYF94096.1
H8NS83,AFE56636.1
C2HYI2,EEO01365.1
A0A1B3JHV5,AOF53641.1
A0A179CY06,OAQ14789.1
A0A0V9EAF2,KSX64481.1
A0A1L3IJ19,APG52079.1
A0A1H1MZM6,SDR92087.1
A0A2N8C390,PMZ65494.1
A0A064DB38,KDF07829.1
A0A0V9JGB9,KSY27594.1
A0A086WSZ9,KFI12899.1
A0A0D0MVK4,KPZ27169.1
A0A0H3L4R7,BAK12898.1
A0A0N0ZA38,KPD04064.1
A0A2G0W3W2,PHN27435.1
A0A0P9SW45,KPX65530.1
A0A2W1NB35,PZE12942.1
A0A0E1RJN6,CDH99264.1
A0A1Z3UYT5,ASE48448.1
A0A083UFK0,KEX90578.1
A0A1B8TJM7,OBY59884.1
K4XSB8,EJE79466.1
A0A0Q0IX03,KPZ06042.1
A0A1X1A069,ORL65308.1
A0A0N8HDF5,KPM58428.1
A0A0M3CYI8,KKX68160.1
A0A1Q9R8X2,OLS63883.1
A0A1L7NK36,BAW25849.1
A0A126SAE2,AMK33078.1
T9SET2,EQZ97746.1
A0A1G7W1P1,SDG65060.1
A0A0Q0CIQ4,KPY88204.1
A0A1S1MPB2,OHU90291.1
A0A0K4VNP3,CTW37004.1
C8TXS1,BAI32733.1
A0A1M2QUY2,OJS50133.1
A0A2R7NAU3,PTT31087.1
V6AAH4,CDH75390.1
A0A0K4CS09,CTU17972.1
F0LYA1,ADT88900.1
A0A0M1VBT7,EDR34146.1
A3D960,ABN63273.1
W8ZPK3,CDN84029.1
N2J2D5,ENA33194.1
A0A023Z3G1,AHY72723.1
A0A2S7ZUX7,PQL27068.1
A0A2V3RFX4,PVY80159.1
A0A1F1SLY9,OFT02806.1
L0GIJ3,AGA85129.1
A0A2T7B4F3,PUX21665.1
A0A2E5AM50,MBG38805.1
A0A1S1UU38,OHW38789.1
A0A1N7GQL5,SIS14861.1
A0A1I5NF97,SFP20362.1
E8KH53,EFX91781.1
A0A1H9QXX4,SER64669.1
A0A2M9TGI7,PJX15270.1
A0A2I1ZNB2,PLA68575.1
A0A1H4JNG1,SEB47416.1
U4RY50,EYE71147.1
A0A2T3NL31,PSW16152.1
I2RSJ1,EIG90957.1
V0VI82,ESD45127.1
A0A265E3C0,OZT76093.1
A0A2I6KFX9,AUM05410.1
A0A2K4XE85,SOU42611.1
A0A140N724,ACT27531.1
A0A2N7YVM1,PMV36194.1
I2B4J1,AFJ45445.1
A0A1H0G0W6,SDO00492.1
A0A010RR27,EXF91489.1
A0A1H7ZWL9,SEM62845.1
A0A0C2HWL0,KIH81566.1
S6K276,EPL64334.1
A0A0F6TWY8,AKE60322.1
A0A2S4QYH4,POU31782.1
A0A1E4WN72,OEC59809.1
A0A061Q3S2,GAK21682.1
A0A205JJE7,OVO78146.1
A0A0M1NFA8,KOR80725.1
D7Y3B3,EFJ97837.1
A0A2R7UHJ5,PTU51663.1
A0A0A8F1B4,AJC62170.1
A0A1S8GVE8,OOL34633.1
J4WJK3,EJU25156.1
A0A2P5GHK4,POP41983.1
A0A2G5NYV5,PIB71292.1
A0A1X1CL29,ORM65108.1
A0A2D0KUI0,PHM67106.1
A0A2K9QJ13,AUQ26958.1
A0A1Z1SQ97,ARX32759.1
A0A1I3HJ17,SFI35651.1
E6WGJ1,ADU70903.1
A0A0W0LMA8,KTC10825.1
E1JAY7,EFK66956.1
Q5E0G3,AAW87483.1
A0A0B1R5Z1,KHJ68034.1
E0M4S0,EFM17568.1
A0L1C9,ABK49848.1
A0A0P9LQN8,KPW77509.1
A0A0H4ISP1,AKO63634.1
A0A2J9L5N6,PNL48853.1
J2TVI9,EJM78514.1
A0A2S3VKN2,POF40515.1
A0A160J2A4,ANC83734.1
E0FAL6,EFM98558.1
A0A1K1RQL2,SFW74385.1
A0A0N0M1Q7,KPH65498.1
A0A0J5FX36,KMJ46784.1
A0A0P9IX77,KPW40652.1
S1HTU1,EOW18802.1
A0A192CE10,ANK03769.1
A0A1X7M702,SMG61273.1
A0A1H6X738,SEJ24983.1
A0A1X1LGT4,ORP14325.1
A0A2T3TRD7,PSZ12347.1
A0A0B5BUP1,AJE08160.1
C1DMV5,ACO77135.1
A0A1M4TCK9,SHE42124.1
A0A1H7B5X9,SEJ73133.1
V7IGT2,ETA84539.1
A0A0D1DZE1,KIT30827.1
A0A1V4F3L2,OPG76415.1
R8HVF8,EOO76742.1
A8SZZ9,EDP60585.1
A0A2I8QKK3,AUV06722.1
A0A2S6P5D2,PPQ51312.1
A0A1V2QYC4,ONK01370.1
A0A2C9EU04,AGL87150.1
A0A2D0NVL6,SLM08401.1
A0A0W0PVC6,KTC50551.1
A0A2M8SG23,PJH86503.1
B7N0T2,CAR09950.1
A0A1D3K473,SBW83166.1
A0A0E2LLT2,ERF67332.1
A0A1G5ZRP3,SDA97488.1
G9Y321,EHM46428.1
A0A0Q4N014,KQN57076.1
A0A250BJI1,ATA26408.1
G7LVK5,EHD19913.1
A0A2G8D2Q1,PIJ56573.1
I4CNY1,AFM31788.1
A0A2U2A3Z6,PWD57481.1
A0A1C1VPI2,OCW18521.1
A0A0P9SS20,KPX02209.1
A0A0S4I7C9,CRN05602.1
V3CCM1,ESL68619.1
A0A267K1L6,PAB28143.1
A0A1Q8D206,OLF20647.1
A0A1R4B6C4,SJL84470.1
B6X9P4,EEB47901.1
D4I2U9,CBA23531.1
F6ACH8,AEF23424.1
A0A0Q0IDT1,KPY99394.1
A0A2N8AW01,PMY44971.1
A0A0P9SNC8,KPX62619.1
A0A087F9Q1,KFJ91066.1
A0A2I5HLU4,ATW56556.1
A0A2V3Z727,PXX73461.1
A0A0T6UI78,KRW57508.1
A0A2H1LLF3,SMZ58796.1
T9AXW6,EQX84669.1
A0A0X8SJ55,AMH00229.1
A0A1B5CV08,CRM11078.1
A0A1X3JPT9,OSL28455.1
A0A191Z038,ANJ58517.1
V8FDP5,ETD61956.1
A0A0X1SZ81,AMB85136.1
A0A1I6ZNM4,SFT64324.1
A0A285L3U8,SNY79610.1
A0A271C8T0,PAO94739.1
A4N4N0,EDJ90858.1
A0A2T3RK88,PSY38136.1
K7A9T8,GAC32165.1
A0A0R3ADS0,KRP71114.1
A0A2N1E9J4,PKH23019.1
A0A0W1KZF9,KTF12487.1
A0A027T9P1,EZD22076.1
A0A087L3V8,KFK99310.1
B6ER92,CAQ81223.1
A0A0F4V4B6,KJZ63703.1
A0A160A122,AMZ74215.1
A0A0B7DEL1,CEL31666.1
A0A0F4T1K2,KJZ38316.1
U2N1H0,ERK05284.1
A0A166NW93,KZN18005.1
A0A2D0JXD9,PHM51061.1
A0A2N0XSF7,PKF78836.1
V1W8Z7,ESG57082.1
A0A2K4JJI4,POA60506.1
A0A1H0XCK8,SDQ00660.1
A0A0R3A2X1,KRP67145.1
A0A1C3GJ51,SAM30401.1
A0A0E9ZHQ1,KIY38350.1
A0A034TEY4,GAJ71673.1
K5V1C0,EKM26875.1
A0A1B6VU29,OAM36800.1
A0A1H2PIE3,SDV17075.1
A0A1E5X8N8,OEO25010.1
A0A2T3CMD3,PSS56865.1
A0A0X1L2F6,EET24735.1
A0A1H7CZL1,SEJ92672.1
A0A2G2RGT8,PHS83288.1
K5YIU5,EKM94942.1
A0A0C1GNW1,KIC07101.1
A0A249QBV8,ASY74879.1
A0A249CX21,ASX10772.1
A0A0P9GTA2,KPW13712.1
U1JGP0,ERG20561.1
A0A248K5Y0,ASG53164.1
A0A2K4L2M8,POA79118.1
A0A0P9FRW2,KPV96528.1
A0A0F4TIG5,KJZ44213.1
A0A2S8DVB9,PQN37817.1
A0A2W4CK40,PZL92875.1
B7NDR3,CAR14913.1
A0A1B8QZQ1,OBX91842.1
A0A1T0ASW1,OOR99578.1
A0A2L1UTD3,AVF36134.1
A0A2S6VVM7,PPS60110.1
A0A2R4I7Q3,AVV22134.1
A0A2N1A2T0,PKG39045.1
A0A2V3PUQ9,PXV70765.1
A0A1G5LBZ9,SCZ09659.1
A0A1S9J0B4,OOO76336.1
A0A2I5TG25,AUH03521.1
I4T818,EIL58859.1
A0A210TJY3,OWF85814.1
A0A1E4VQ59,OEC44111.1
A0A0J4XKS2,KMI33166.1
A0A2J5QHS3,PLO78122.1
A0A1V4LR77,OPK09764.1
A0A2V3CI76,PWY40790.1
Q9JYX7,AAF62331.1
A0A2T3J4U2,PSU36322.1
W9B2W5,CDO12193.1
A0A2T5S5M8,PTW17105.1
A0A1W1KR41,SLU68765.1
A0A2W0G9Q1,PYZ34367.1
A0A2T3N2G0,PSW06528.1
A0A1H2M9U6,SDU89892.1
A0A2G4W8P0,PJG38003.1
A0A081LR28,KOG93175.1
A0A156M4G0,SAE97773.1
A0A1R0GHC2,OLY76297.1
A0A270AE76,PAL10686.1
E6XHW6,ADV53010.1
A0A285ZLP6,SOD10569.1
A0A0D6SAJ6,KIV65573.1
D2ZLC1,EFC53878.1
A0A1Z3Q854,ASD88035.1
A0A0J1JJF9,KLV02157.1
A0A198H1W2,OAT42431.1
A0A2T9Q381,PVT71122.1
E2P5Q3,EEY13451.1
A0A0H5Q8T0,CRY98426.1
A0A068QN82,CDG16016.1
A9KZF5,ABX47714.1
A0A0F7LJ10,AKH63084.1
L3C310,ELC94775.1
A0A090R566,GAL02782.1
D7Z9I2,EFJ83046.1
A0A2K1Q4S8,PNS10023.1
Q3K6A7,ABA76697.1
A0A2T0Z0H6,PRZ29852.1
A0A2L1W9K9,PYB88989.1
A0A127KXC1,AMO46927.1
A0A2V1H7L9,PVZ80663.1
A0A1I5SEQ2,SFP69201.1
A0A2T6M5N9,PUB42594.1
A0A2V5BW60,PYG14283.1
A0A2V4H2C9,PYB71658.1
A0A2W7NTC2,PZW93737.1
A0A2G6UUL8,PIF49582.1
A0A0D0KL72,KIP97715.1
L4IYH3,ELG85406.1
A0A2W7JCA0,PZW60855.1
R4YFT4,CCI79101.1
F3K2I4,EGH91375.1
C5S397,EER46557.1
A0A1J5VPB1,OIR47691.1
A0A2X5RKJ3,SQL10557.1
A0A1M5KIQ8,SHG52657.1
C0AZY8,EEG85049.1
A0A0J6H7F5,SDS60646.1
A0A2A6DL72,PAU23736.1
A0A0T5XIR0,KRT38225.1
A0A2R7Q7C3,PTT54529.1
A0A1I7EBJ4,SFU21235.1
A0A2S1VQW9,AWJ56696.1
A0A1I7KS20,SFV00272.1
A0A0J1NNG9,KLV55105.1
F5S2N4,EGK57513.1
H2INJ1,AEX24790.1
A0A2C5WAV8,PHH40924.1
A0A177YX03,OAK60035.1
A0A2E4ZF84,MBG24165.1
A0A1L5PWH9,APO84511.1
A0A225ECU9,OWK48438.1
A0A0W0LNV4,KTC11718.1
A0A173H9L9,ANI32547.1
A0A0M0IN26,KOO15378.1
A0A0F4AZZ1,KJX29449.1
A0A266NEL0,OZY60926.1
A0A0K1QH30,AKV05074.1
A0A0P9RL41,KPW84973.1
I1E351,GAB60729.1
A0A1H0RAJ6,OIN09362.1
A0A2K4J3Y4,POA55048.1
A0A2L2JEQ7,AVH18347.1
A0A2W5DFT9,PZP29303.1
A0A1U6Y3V2,AJE37789.1
A0A290VFG3,ATD38100.1
A0A077MZP9,CDG95291.1
A0A2R4H7D6,AVU75078.1
A0A1B2FD86,ANY90134.1
J2WM53,EJM17103.1
A0A177STY2,OAI93780.1
A0A2V5F5H8,PYG80258.1
U2L3P7,ERK05372.1
A0A1C0U2T7,OCQ52195.1
A0A2B7LZB1,PGF79374.1
E9CPY7,EFW11543.1
A0A1G7G4E1,SDE82991.1
A0A1D3KF41,SBX33509.1
A0A2M8S3A4,PJG85633.1
A0A0E2MJR2,ERP00566.1
A0A2S3W729,POF86458.1
A0A2S3WVZ7,POG05461.1
A0A0G2NUR2,EGE36453.1
A0A1G6EXP0,SDB62161.1
A0A1C0R550,OCO15371.1
A0A2R4IUD0,AVV32939.1
A0A2R7Q7V7,PTT54708.1
A0A2T1LEK8,PSF20726.1
A0A2Y0YLB3,SRB25499.1
A0A2X7TW20,SQR52237.1
A0A2S5U555,PPE88690.1
Q48DM8,AAZ36244.1
A0A1A9RZ66,OAM29314.1
A0A0D6EBZ9,CEP37306.1
A0A162CH36,KZN67818.1
A0A1T0BBS8,OOS07648.1
A0A239HYF7,SDI42624.1
A0A063KVM6,KDC52536.1
A0A2L0T4B7,AUZ61364.1
A0A244CMZ5,OUL56983.1
A0A0J1LI17,KLV62032.1
A0A2V5EY82,PYG96388.1
A0A2T3BHM3,PSS38563.1
A0A2V2T1R3,PWU30445.1
A0A2T3VY76,PTA64621.1
E5UIG3,EFV81053.1
A0A0K1N178,AKU62849.1
A0A2S9AUY7,PRB25576.1
A0A1C2KXL0,OCA66194.1
A0A1V2F2B4,ONG04833.1
A0A0X2PE79,CUW24671.1
B6I205,BAG79090.1
Q65R43,AAU38567.1
A0A2N7Y4Q1,PMV11130.1
A0A147GXW5,KTT22370.1
A0A0J5XIY1,KML64696.1
A0A0N1WJI3,EHB90072.1
A0A1G5N7T3,SCZ32769.1
A0A231FWX4,SEB31321.1
A0A0F6FD00,AJA28290.1
A0A1Q3I1J9,OJT49011.1
Q3YWW8,AAZ89994.1
A0A0H2ZFG9,ABJ13265.1
A0A026V713,EZA37636.1
S9ZGN0,EPZ00189.1
E0F3R7,EFM96737.1
A0A0D0P2J8,KIQ79818.1
R8AVG3,EON90334.1
F7NYH7,EGM77047.1
J7KXC8,AFR05186.1
A0A0C5E3F2,AJO80843.1
A0A1I3JK16,SFI60591.1
E7SRT4,EFW57597.1
A0A2T9MDC5,PVQ97824.1
A0A2S0PJ28,AVY97391.1
A0A2S0V4U9,AWB59231.1
C0ENM0,EEG33397.1
A0A2R3EWG9,AVI66362.1
A0A2S4U729,POV93077.1
A0A0H3P0Y2,CBY29214.1
A0A1D3DFX4,OEI93444.1
G2DNI1,EGV35783.1
A0A1Q2GUS6,AQP98740.1
X6QBI0,ETT06529.1
L7H4H3,ELQ13025.1
A0A2R7KL16,PTS97509.1
A0A1H1QC09,SDS20904.1
V0YKB7,ESD82737.1
A4VQZ3,ABP81394.1
E2XYM8,EFQ61092.1
A0A2X5EN05,SQJ30715.1
A6VQZ2,ABR75389.1
A0A126VE52,AML56623.1
A0A0A6ZZ95,AHA67413.1
A0A151JE88,KYN24084.1
A0A0P9V1C2,KPX84286.1
N1NPM1,CCW30304.1
A0A0X8HDX3,AMD00841.1
A0A0U3UKL3,ALV90816.1
A0A2R3QKM7,AVO52278.1
A0A0A3YHV5,KGT86225.1
A0A1A5D7R1,OBP10813.1
A0A2U0VX00,PVX74387.1
A0A2S9U7L9,PRO47538.1
A0A2A2PNL0,PAW57032.1
A0A1H2K387,SDU62878.1
A0A212BJC3,OWJ93817.1
A0A2W0EM25,PYY66471.1
A0A2V4K7K9,PYC17575.1
A1JRZ7,CAL13913.1
A0A1B1VFQ2,ANW26277.1
E3BJP5,EFP96814.1
A0A1X3CZ19,OSI12684.1
M1SAM4,AGG29328.1
I3D6B5,EIJ67258.1
A0A0G3KCM7,AKK50122.1
A0A0Y0ENH6,CVQ13127.1
A0A0H3MQQ6,CAR19900.1
A0A1V0KR94,ARD44239.1
A0A0T8KWX1,CJK91627.1
A0A0M9C2P3,KOY42854.1
G4CHU2,EGY52590.1
A0A2S1MGB4,AWG81081.1
A0A0M3E3E6,KKY41090.1
A0A2L0TTN4,AUZ80154.1
D3A4V7,EFC52160.1
V4HXH8,ESP92654.1
A0A0L8EJP2,KOE85563.1
A0A2S0VGH9,AWB63308.1
G0AVU1,AEG09898.1
A0A2T5PIB1,PTU77451.1
A0A2U8TZD9,AWM94483.1
I3DGY7,EIJ70980.1
C6C8A0,ACS84245.1
A0A2T0NV72,PRX80535.1
A0A1X1EZA7,ORM95244.1
A0A2G0Z0V6,PHN63266.1
A0A2N4UZ76,PLC60334.1
A0A023CH78,EZI30388.1
F9GTJ5,EGT77006.1
U9Y6F5,ESA68227.1
B1KEV1,ACA85102.1
A0A2N7Z487,PMV44946.1
A0A1H3U3H9,SDZ56912.1
A0A0Q0FH14,KPZ23330.1
A0A1E2VI47,ODG79133.1
A0A2U8SW36,AWM60332.1
A0A0D6I950,KTZ15664.1
A0A1X0VJT1,ORJ03581.1
A0A0F6C9P7,AFJ30953.1
A0A2C6DUM9,PHI34926.1
A0A1H2CJQ8,SDT70651.1
A0A1F0F5L5,OFO43816.1
A0A221IQG9,ASM55789.1
A0A2N5LVL5,PLT26164.1
A0A0M0T9M9,KOP33501.1
A0A0J6Q847,KMN63762.1
A0A0R9N8I1,OMB09046.1
A0A2W7EPI2,PXV37379.1
U2MV81,ERK05535.1
B1J147,ACA71129.1
K0G562,AFU18774.1
A0A2N8ZJ26,SON51866.1
A0A1Y6IYA4,SMS02644.1
A0A2J4QL53,PLL31796.1
A0A2J5A0D0,PLM68749.1
A0A1X7EXU5,SMF42245.1
V3PQG3,ESN14912.1
F2K5T7,AEA71376.1
Q2BJK0,EAR60628.1
A0A1T1HWZ9,OOV94247.1
A0A1E3DMS0,ODM51228.1
A0A0W0IUL0,KTB76716.1
A0A0Q0CQZ1,KPY90243.1
A0A1Q8YSK3,OLP11006.1
R1GUD1,EOD55230.1
A0A1N6VVU3,SIQ81942.1
A0A223U5D1,ASV18191.1
A0A0D0IYD0,KIP65994.1
A0A2R4NK06,AVX36434.1
A0A2N8CQE4,PMZ73297.1
A0A1Q1PLA3,AQM71031.1
A0A2N8H936,PNB82567.1
A0A1A8LSY7,SBR47049.1
A0A1B7KIY8,OAT60111.1
A0A085HYU5,KFD01141.1
A0A1I3XN83,SFK21000.1
A0A2X4QN79,SQH91873.1
A0A2S4WQ63,POW66312.1
A0A0M0UPG7,KPY20844.1
A0A2V4ZLY7,PYF42889.1
A0A292C5X1,ATM98791.1
A0A0G4QJD1,CRL66107.1
V2RU70,ESK16582.1
A0A2T7AQ17,PUX11487.1
A0A0T9R216,CNI40562.1
S1JCQ4,EOW29601.1
A0A1V3SIT8,OOG89042.1
E1INN9,EFO58879.1
A0A2S0SDV7,AWB02003.1
A0A2X4W8N8,SQI19944.1
A0A132GGG4,KWW19570.1
A0A2V4LGG7,PYC20157.1
A0A2K9PEE0,AUO66353.1
A0A2T3L606,PSV45330.1
A0A1S1CUT1,OHQ05662.1
A0A1U9XU56,AQZ32326.1
A0A0P9H7U9,KPW16131.1
A0A2V5CKB9,PYG47830.1
A0A2G4DT68,PHX40462.1
A0A0U1EX81,CQD59119.1
A0A209ABL1,OVZ90122.1
A0A1I6XNH8,SFT39683.1
A0A0T9MBE5,CNF92134.1
A0A0Q4NRC0,KQN66721.1
F3ICU0,EGH94804.1
A0A0A0FHN1,KGM62010.1
A0A1H1FCR1,SDQ98246.1
A0A0N0FV12,KPB85457.1
A0A162DTS5,KZR32994.1
H0IY71,EHK62362.1
A0A0Q8HC21,KRA85425.1
A0A264BVK2,PXL47550.1
A0A264BVK2,PLM94237.1
A0A264BVK2,PLP46484.1
A0A264BVK2,AWX75168.1
A0A2E4CMT7,MAD04216.1
A0A2E4CMT7,MBD57348.1
A0A0A8NPV2,CEF28809.1
A0A0A8NPV2,CEF29430.1
A0A1A7PZ74,OBW96011.1
A0A1A7PZ74,OBX07002.1
Q0WK70,AAM87562.1
Q0WK70,CAL18920.1
Q0WK70,PWF35601.1
Q0WK70,PRH64165.1
Q0WK70,AAS60511.1
A0A1A7Q1E5,OBX04886.1
A0A1A7Q1E5,OBX07230.1
A0A1A7Q1E5,OBW92563.1
V0TE67,ESD09988.1
H0KGI8,EHK90034.1
V4QDI0,ESQ99842.1
H1LMS9,EHO48366.1
A0A2W7G943,PZW02538.1
A0A084C7L3,KEY85792.1
A0A0H2QW40,AWC93455.1
A0A0H2QW40,SHN04947.1
A0A0H2QW40,PTD16915.1
A0A156PWX5,RAY68727.1
A0A156PWX5,SAF31534.1
A0A2J8HCD5,RAS66411.1
A0A2J8HCD5,PNI05801.1
A0A0J2HAM4,PLP31925.1
A0A0J2HAM4,KLY31172.1
A0A0J2HAM4,ASZ56528.1
A0A0E1ECA4,AUG43349.1
A0A0E1ECA4,SDS15575.1
A0A0E1ECA4,SDS24224.1
A0A0E1ECA4,AKA22278.1
H3N3Y7,PLM01546.1
H3N3Y7,EHT10263.1
A0A0A2RF82,KGP41863.1
A0A0A2RF82,PHH10640.1
A0A0L8UZP0,OXE32686.1
A0A0L8UZP0,KKC74284.1
A0A0L8UZP0,OEB23475.1
A0A0A0T055,PAW00964.1
A0A0A0T055,ARC93731.1
A0A099SZK8,AVI86700.1
A0A099SZK8,KPY92845.1
A0A1D2NWI8,PNM02968.1
A0A1D2NWI8,RAQ37867.1
A0A2S3RM62,POB69896.1
A0A2S3RM62,POB49711.1
A0A2S3RM62,ANN29021.1
A0A142E8G2,POG18635.1
A0A142E8G2,OLF57054.1
X5FA37,CFC46830.1
X5FA37,AHW76058.1
X5FA37,CWO42334.1
X5FA37,OOG99298.1
A0A0W4L4S3,KTP65828.1
A0A0W4L4S3,OHK34752.1
A0A0W4L4S3,OHI55426.1
A0A0W4L4S3,PEH20438.1
A0A085ULH0,KFE44033.1
A0A085ULH0,OCR24599.1
A0A1P8EWK8,APV40588.1
A0A1P8EWK8,SEB83004.1
A0A0G3SNV6,CVA79403.1
A0A0G3SNV6,ASL89776.1
A0A0G3SNV6,PYA34403.1
A0A2V4G7U2,POX27111.1
A0A2V4G7U2,AWQ49934.1
A0A2V4G7U2,PYA00763.1
A0A1Q5WFZ3,OKP54292.1
A0A1Q5WFZ3,ASM14034.1
A0A1Q5WFZ3,PNU37465.1
A0A143I2U8,AMX07957.1
A0A143I2U8,OEH01645.1
A0A1R0FPJ6,OQM39377.1
A0A1R0FPJ6,OLY66595.1
A0A2A5MTB0,PCM69220.1
A0A2A5MTB0,CUJ32377.1
A0A0B2HS76,KTH78267.1
A0A0B2HS76,AVE98348.1
A0A0B2HS76,OOL23866.1
A0A145L714,PJD28637.1
A0A145L714,SAD62052.1
A0A145L714,SAG50219.1
A0A145L714,OAE45278.1
A0A1A9AWH4,AVQ86930.1
A0A1A9AWH4,SBT60483.1
A0A179PFE1,PAC69177.1
A0A179PFE1,SAJ31917.1
A0A179PFE1,PJD77031.1
A0A179PFE1,SAE71939.1
A0A179PFE1,AWS80605.1
A0A179PFE1,SQB51493.1
A0A2V4Q4Q7,PYD11554.1
A0A2V4Q4Q7,PYD91470.1
A0A271VY21,PAR23060.1
A0A0E0TQV7,ADZ03793.1
U6ZYJ8,ERO63520.1
A0A2U3B930,PWI33316.1
A0A011P5Z8,EXI61899.1
A0A1I2U671,SFG71167.1
A0A1F1GGZ9,OFR66137.1
A0A0U3HZ17,ALU42902.1
R8WL11,EOQ45563.1
W1G3T2,CDL41302.1
A0A0P9YQD0,KPY40842.1
A0A1A9FFG1,ANG94448.1
A0A0H3FKG7,AEG95889.1
A0A0S2JI35,ALO35674.1
A0A2V1YAI1,PWJ73392.1
C9QFU0,EGU54171.1
A0A098SRW5,KGF62566.1
A0A2V2BBV1,PWK93300.1
A0A1I0URG1,SFA66470.1
B8K4M0,EED28200.1
A0A0G4Q274,CRL59913.1
A0A2T0V569,PRY65304.1
A0A0A1GAQ3,BAP78133.1
A0A0R4CW89,CEK21344.1
A0A1V9UX50,OQR34264.1
K9NS06,AFY21963.1
A0A2E4Q261,MBF09435.1
A0A2T4FVN9,PTC27479.1
A0A2X4U5N2,SQI35167.1
A0A2N0N8F3,PKB90849.1
A0A0S3K0K3,ALR93885.1
A0A1B7IJB1,OAT29561.1
A0A0L7YV07,KOE81622.1
A0A1Q9XW71,OLU30371.1
G7EDP0,GAA59013.1
W3V145,ETS29508.1
C6PUC1,EET87119.1
A0A1F0H200,OFO67088.1
A0A2N3H9N3,PKQ41717.1
A0A1K2ENS7,SFY37067.1
A0A071LRU9,KEA51202.1
C6CHD0,ACT05241.1
A0A1B7IJ28,OAT29484.1
A0A1E4VZC4,OEC47302.1
A0A2V5E1J6,PYG83960.1
M9YGG6,AGK19579.1
A0A223VIB5,ASV35095.1
A0A070FD35,KDV63348.1
A0A0W0I8G6,KTB69358.1
Z5XQL4,EWH05495.1
F0EVN2,EGC71598.1
N6VUL2,ENN96876.1
A0A0W1LBM3,KTF16978.1
A0A028E9S7,EZE56594.1
J8R2V4,EJS56563.1
S1L5W1,EOW59727.1
A0A1I5JBY1,SFO70073.1
A0A077F328,AIL59887.1
A8GKH0,ABV43610.1
A0A0A3A8A2,KGQ63300.1
A0A0P9PCZ4,KPX14932.1
A0A198FRQ3,OAT27430.1
A0A2T8LRH5,PVI18535.1
A0A1Q5TKC9,OKP00671.1
A0A0H2VBN5,AAN82490.1
W0Q838,AHG73393.1
B8E8G8,ACK45075.1
A0A085HD01,KFC93846.1
A0A1G3FWF3,OHC48175.1
A0A1N7DUV4,SIR79614.1
A0A0F5BUL1,KKA63532.1
A0A2N8FA20,PNB42232.1
A0A2M9GFQ3,PJK40297.1
A0A242VRI9,OTW34344.1
A0A2T8WUM5,PVJ42100.1
A0A2D0KBP1,PHM60884.1
A0A1H5N3F6,SEE96112.1
A0A1M7Z1X8,SHO58893.1
E0N887,EFM04789.1
A0A1C7CB13,KND83694.1
A0A0C5S0Z7,AJQ50362.1
A0A1B7L4X5,OAT77336.1
A0A2T9HRI6,PVL86241.1
J2FIG7,EJL09333.1
A0A1V6M463,OQD47202.1
W0R7W6,AHG86557.1
A0A2V3DZT8,PXB34742.1
L8JKA5,ELR67934.1
G4CR79,EGZ45492.1
A0A1X1DX57,ORM81268.1
A0A1I1QXD7,SFD26652.1
A0A2C6MQK8,PHJ42266.1
U1K331,ERG26892.1
A0A0M2BVV9,ESM12877.1
A0A2A2CMV3,PAU37000.1
F3FCE9,EGH27885.1
Q9CLT0,AAK03213.1
C5TMV9,EER55905.1
L0FSF8,AGA75575.1
Q9KMY1,AAF96098.1
A0A220TCS4,ASK53567.1
A0A2T8VS75,PVJ29019.1
A0A0D8CQV4,KJE37957.1
A0A1H8J1A5,SEN74604.1
A0A0A1RTY5,CEJ65330.1
A0A0F6A9D5,KKE82763.1
A0A2X2C253,SPZ02782.1
F0EXZ3,EGC17892.1
I2X0L6,EII36541.1
M9YMS7,AGK19577.1
A0A1E5IRK2,OEG73150.1
A0A1A9SB55,OAM41007.1
A0A1N6XGP7,SIR01419.1
A0A2N5BUZ8,PLP93754.1
A0A2G5LTJ3,PIB44999.1
A0A2S7FL76,PPV36833.1
A0A0Q2RT12,KQH87254.1
A0A094JZP1,KFZ37841.1
A0A220PT46,ASJ95694.1
C0DS08,EEG25126.1
A0A1F0F545,OFO43818.1
I4K1Q3,EIK58643.1
V5AZ16,ESS58907.1
A0A1E3XLW4,ODS44905.1
A0A1Y5JYT0,OUS68840.1
A0A1C7PRG6,OCA64619.1
A0A1B5E9N9,CRM74135.1
S6WE37,EPN64526.1
E8M970,EGA69426.1
A0A2T8XUB0,PVJ54258.1
G4A6N4,EGY34620.1
J3HM66,EJM99527.1
A0A2T9UUF4,PVU46971.1
A0A1J7C675,OIV46317.1
V1GQT5,ESE81417.1
A0A0B5I950,AJF70540.1
S0VPT9,EOU63477.1
A0A1C4EE08,SCC41732.1
A0A265BA91,OZT41654.1
D2YC45,EEW07682.1
A0A2G5N5B7,PIB61362.1
A0A1U6JM15,SLK21319.1
A0A0W0IHL5,KTB72607.1
A0A0M0HTA1,KOO04848.1
A0A0B2JGK7,KHM45943.1
A0A0H2YMH5,ABG20159.1
A0A2K4TCI4,SOQ06318.1
A0A0A0Z118,AIX49509.1
A0A099RRQ1,KGK83167.1
A0A1T0A6R5,OOR91482.1
A0A061JNW1,EWC39859.1
A0A0F0F6D5,KJK16010.1
A0A1C7BW11,ERV81145.1
A0A0K9GEL5,KMY44742.1
F9H720,EGT80171.1
A0A246FUA6,OWP69117.1
E7PJ12,EGH07839.1
A0A1V2BDP4,OMP89434.1
A0A162IHM9,KZY41154.1
A0A175VI39,KXU80200.1
A0A177XF22,OAJ50882.1
A0A0D8DF98,KJE46627.1
I2UH84,EIH77560.1
A0A0J0IP27,KLQ19972.1
A0A0U1R1B5,ABS48978.1
A0A2N8E0D8,PNA31709.1
A0A1Y0L371,ARU92447.1
A0A2U1IJ30,PVZ56243.1
A0A0Q6YHU7,KQW15091.1
A0A1G3DRL8,OHC22149.1
A0A2J9E2Y1,PNK62131.1
A0A1G8B0A0,SDH26702.1
A0A0P9Y6H2,KPY29389.1
A0A2S5F101,PPA04242.1
K1J5G5,EKB25641.1
A0A1C2C119,OCW96162.1
A0A2T9NWS3,PVS38632.1
A0A257C4M1,OYT84054.1
A0A1H3UZN9,SDZ67913.1
A0A0P9YRY8,KPY48548.1
C6DFS0,ACT14809.1
A0A2D1JYQ6,ATO34988.1
A0A1C1WDN0,OCW27021.1
A0A1X2T2C1,OSE45891.1
A0A1S2TM65,OIN10480.1
A0A140NNC9,AFH94148.1
A0Y3G1,EAW27144.1
A0A0Q0F1L4,KPZ51616.1
A0A1E5D4E0,OEE78424.1
A0A290SHW6,ATC92344.1
A0A1H4G0Y7,SEB02730.1
A0A2V1MXZ2,PWF93787.1
A0A2T7HJU5,PVC06587.1
A0A2T3H4V0,PST68018.1
A0A2T5KXA4,PTR27053.1
A0A290RTU8,ATC84142.1
A0A2I8TFX9,AUV41852.1
E6KZW2,EFU67059.1
A0A2S9I3R6,PRD12411.1
A0A248ZZS4,ASW71513.1
A4XYX1,ABP86537.1
A0A0M1NTM4,KOR85581.1
C8T056,EEW42933.1
A0A0P9WMW9,KPY12435.1
A0A2C4R8N5,PHD73111.1
A0A1G3FDI0,OHC42218.1
A0A1C7W9T8,OCJ29995.1
A0A1S6HQX9,AQS37912.1
A0A1H3UBP1,SDZ59824.1
W3YCQ1,ETS98563.1
C8UGP1,BAI37885.1
A0A068R7G0,CDG23148.1
A0A2T6GCP7,PUA41930.1
A0A1H8RUU0,SEO70115.1
A0A2R3H6S8,AVJ19589.1
A0A0C1Q6E8,KID55085.1
V4PYT7,ESQ71963.1
A0A1N6DFY1,SIN61289.1
A0A125WDR1,EJU76467.1
A0A2N0U814,PKD23134.1
A0A0H2QLV8,KLN98307.1
A0A1E4UU60,OEC33267.1
A0A081RS35,KER01488.1
A0A1T1HVZ7,OOV94038.1
A0A0J6J4S4,KMN11062.1
E9XTL2,EGB69869.1
A0A2V5B9U5,PYF90325.1
A0A2D0KFW7,PHM62282.1
A0A1H2M2H7,SDU87354.1
A0A2T6LDI4,PUB30547.1
A0A093TSQ7,KFW99022.1
Q88DM8,AAN70366.1
A0A1R4LR07,SJN59031.1
A0A2M8RYB0,PJG83875.1
A0A205KRR4,OVO92852.1
A0A1H4ZPG6,SED31321.1
A0A2L1HR47,AVD84982.1
A0A2U0E4V2,PVV62569.1
S0WVZ2,EOU84263.1
A0A0T9TXP0,CNL06499.1
J2X2M2,EJN25317.1
A0A0F7A128,AKF49720.1
A0A0E8XKB9,CRG51291.1
A0A0L6FMV6,KNX76393.1
A0A1N6X8U8,SIQ98690.1
A0A1R1MJ50,OMH39786.1
L1NVP2,EKY07569.1
A0A0T9S0Q0,CNJ09008.1
A0A0T6VLJ6,KRW71127.1
A0A2S8QYY7,PQQ40528.1
A0A1B3E1J8,AOE83404.1
A0A2L1IFT8,AVD93628.1
A0A2N3IZU0,PKQ78753.1
A0A1E4VTS7,OEC45387.1
A0A212QF43,SNB57975.1
A0A264T688,OZS42326.1
A0A101M6U7,KUM51969.1
A0A1S2CLL1,OHY88593.1
A0A1Q5TPT0,OKP02187.1
A0A2S5AQ92,POY44716.1
A0A0U4UWM4,ALZ74736.1
A0A0H3NGN9,CBW19473.1
A0A165J2G1,KZK66907.1
A0A2R4AUY9,AVR78880.1
A0A2A5MCJ2,PCM58629.1
B8CSS1,ACJ30697.1
A0A1E4XL82,OEC73324.1
A0A1D8RVZ0,AOW77281.1
G9YZU2,EHM50967.1
A0A1Q5VVS8,OKP45944.1
A0A1X0MZH8,ORC55125.1
A0A267RDI8,PAC06480.1
A0A0P6S712,KPG95753.1
A0A246F4B6,OWP48047.1
A0A1H6JTA9,SEH65748.1
A0A1Y1TJF5,ORM47223.1
A0A2K7SSA9,OHY91037.1
A0A027ZMM0,EZE00272.1
A0A0T6U0G7,KRW51224.1
A0A119A209,KVV03195.1
A0A1H9SGB4,SER84001.1
H3ZEB1,EHR41042.1
A0A077P5I1,CDH19730.1
K0WY39,EJZ60209.1
A0A2N3J697,PKQ81962.1
E8XDV5,ADX19199.1
A0A2N5F822,PLR64634.1
A0A0J0YU83,KLT73666.1
Q9HX30,AAG07377.1
K6Z299,AGH46492.1
A0A0A7MGC9,AIZ78802.1
B1EQQ2,EDS90571.1
A0A0J1H8B4,KLV07928.1
A0A1B8VAV5,OBY91616.1
A0A2S4RQ63,POU59946.1
A0A109YZG1,AMG92917.1
A0A099KFM9,KGJ89131.1
V8R1N5,ETF06021.1
R0VHI8,EOC14600.1
S6I1N0,KMN03199.1
A4MXG8,EDJ88710.1
A0A291JUY9,ATH77987.1
A0A2J9SEE6,PNM25399.1
S0XGW6,EOU87816.1
A0A2T9CYC3,PVK16904.1
A0A2W0FEL4,PYY80484.1
A0A2T3JGY8,PSU48185.1
A0A1F1FTQ1,OFR58016.1
A0A2G8N108,PIK78270.1
A0A0T7NUZ2,CFQ37985.1
A0A099KIT8,KGJ90321.1
A0A024HC08,CDF82089.1
A0A1Z1NWW3,ARW85237.1
A0A1X3RPA7,OSN03597.1
J7RLN4,CCK48595.1
A0A155IHD3,SAB47150.1
A0A155RLE8,SAC51045.1
A0A2W4FGN9,PZM48775.1
A0A0E8LEQ6,CQH59496.1
A0A0E1NIM1,CFQ55253.1
U4RYZ5,EQA03314.1
A0A0Q4EC08,KQM46161.1
A0A2A2USY4,PAX99891.1
A0A2W7IT07,PZW49400.1
A0A2C9NV30,ASG14868.1
B4F1L2,CAR46435.1
A0A286BUN8,SOD37863.1
A0A034TRP2,GAJ76570.1
A0A0A0CIW2,KGM25844.1
A0A0P9NJB8,KPW84325.1
A0A084A0A2,KEY58731.1
W1JA82,CDL87634.1
A0A239L1K6,SNT24180.1
A0A2V4HJG1,PYB76525.1
A0A1H2ID55,SDU42110.1
A0A2S4CGD9,POM13026.1
L8MD84,ELS24729.1
U4SJ88,EQA10339.1
D4ZFY1,BAJ00580.1
A0A078LXE6,CDZ94566.1
A0A0D5M5W4,AJY51819.1
A0A1K2BGI0,SFX97093.1
A0A1I5I6W5,SFO55856.1
A0KGJ5,ABK39907.1
A0A2J0NBC0,PJD01940.1
A0A222G7T6,ASP47802.1
A0A2S7SE48,PQI99499.1
A0A156LP75,SAE92423.1
A0A157V188,SAJ18856.1
A0A285YFC2,SOC96185.1
A0A2S9DW20,PRC06775.1
I4L601,EIK72391.1
W0HKW9,AHF72845.1
A0A1H1A755,SDQ35538.1
A0A1X0X4Y9,ORJ47883.1
A0A2I8S130,AUV24428.1
W6RJT1,CDM42074.1
E1W3R9,CBW15011.1
A0A2L0LS96,AUY34262.1
A0A1I4UXP9,SFM93711.1
A0A2J0N561,PJD01701.1
A0A263VKY8,OZP65557.1
A0A2J7LLK8,PNC08176.1
A0A2N8G2R5,PNB60218.1
I7BZE2,AFO49507.1
A0A2X4NF87,SQH58285.1
A0A2T4XV19,PTM33765.1
A0A157TVA6,SAI97830.1
A0A2S5C2S4,POZ14816.1
A0A223JL73,AST77978.1
A0A1T5H1M1,SKC14545.1
A0A2X3CW65,SQC21752.1
U9YV30,ESA73275.1
A0A157JYT9,CZW41649.1
A0A270U7F0,PAN95661.1
A0A0M3GY94,KLS51033.1
A0A155J579,SAD43688.1
A0A1X0W9S3,ORJ23493.1
A0A0E1SM48,EDK10986.1
A0A066NZZ5,KDM53828.1
A0A154YGV4,PJD65516.1
A0A0M3EZA7,KKY83253.1
U7R4M4,ERT14237.1
W0BJR9,AHE68961.1
A0A1X3KEM3,OSL45745.1
A0A1G5YHN0,SDA81547.1
J2VT79,EJM07028.1
A0A077NBK2,CDG99512.1
A0A2V3CWM9,PWY47382.1
A0A2T3P9J7,PSW25531.1
W1X517,ETJ25388.1
D4DYD3,EFE97408.1
A0A2A3XI15,PCC23341.1
A0A292D563,ATN10473.1
U1I9I7,ERF78964.1
A0A2N7RI58,PMQ13574.1
A0A1A9RPT2,OAM21919.1
A0A1A9RR40,OAM23109.1
A0A1G6X272,SDD72003.1
A0A2S9B8Z8,PRB46684.1
F8G6Q0,AEJ15170.1
A0A0B2SYH2,KHN51666.1
D2TN96,CBG91226.1
A0A1M5V836,SHH71442.1
A0A2N6I113,PLY35595.1
A0A1B8SMZ6,OBY34126.1
A0A147GI31,KTT00790.1
A0A1B7JP34,OAT49673.1
A0A1A9RAQ7,OAM15190.1
A0A2N0GBM8,PKB04102.1
A0A1C2DT51,OCX17942.1
A0A0F5FCD6,KKB06453.1
A0A0E1T4Y5,EDU66231.1
A0A1A9RQ70,OAM21917.1
A0A0A7JNX9,AIZ34313.1
A0A0H3AFN7,ABQ19223.1
A0A2A3KUT7,PBI80809.1
A0A1H1I1M6,SDR31631.1
A0A1J0EDK0,AVL73222.1
A0A0A1YXB8,KGE66583.1
U1SRY8,ERH49026.1
G5SHH2,EHC99307.1
A0A085G4W7,KFC78762.1
A0A0Q8CYJ9,KRA19126.1
A0A085H218,KFC90013.1
A0A2M8H4J5,PJC91473.1
G5QQK2,EHC80624.1
A0A0H3CQF9,ADF64196.1
A0A0Q8YBE5,KRC87874.1
A0A2S1HMS9,AWE36967.1
A0A240CQQ2,OWP24401.1
A0A2I2B0V4,PLA85253.1
U4RWY4,EQA02589.1
A0A2G7ZX60,PIJ17867.1
A0A1V3T1P7,OOH76921.1
A0A0B9FR33,KHT58509.1
F0JTF8,EGC96719.1
S0YBD1,EOV02124.1
A0A0E2TIG5,EYV06156.1
A0A1S1GMU0,OHS08797.1
A0A0U1HXW3,CQI97290.1
A0A0E3V4M1,AKD38664.1
A0A2M8GZH7,PJC86731.1
K1JWL6,EKB23869.1
A0A2T8KYN1,PVI08784.1
A0A178K253,OAN11186.1
A0A2N8GG63,PNB72797.1
A0A2N5C0Q4,PLP95803.1
A0A1M5X8S0,SHH96181.1
A0A1Z4AG91,ASF16938.1
S1PLP5,EOW93231.1
A0A0W0KNT5,KTB99205.1
R9PJM9,GAD01562.1
Z9JZD6,EWS96442.1
A0A1W6B345,ARJ41521.1
A0A2V3Q2C6,PXV73268.1
A0A2N8E7X7,PNA40330.1
D6H726,EFE04064.2
I2NUC7,EIG29438.1
A0A1H7S6R6,SEL68068.1
U9Y6I1,ESA69974.1
A0A2T3WDS5,PTA73990.1
A0A237EVT2,OYE54511.1
A0A1Y3KZA3,OUM31209.1
D8E836,EFK45740.1
A0A161XVR6,KZN47259.1
A0A0H6KK07,CSB98028.1
A0A2T8ZHZ5,PVJ74808.1
A0A1N7C6C0,SIR59135.1
A0A2W7L5K6,PZW75134.1
S6HLK4,EPJ88431.1
A0A2K8QRE2,ATZ96069.1
A0A1N6MBS5,SIO96873.1
A0A162CD25,KZN65921.1
A0A2H6KR74,GBE70307.1
A0A1V3ML35,OOG13418.1
I2NDD8,EIG23849.1
C0PZV4,ACN47564.1
A0A2R4D501,AVS50434.1
D1P7V7,EFB70508.1
A0A2A4HIC3,PCF93823.1
A0A2R3HM08,AVJ24711.1
A0A2N8D278,PMZ77460.1
A0A0F0DNB2,KJJ97455.1
G9ZFN4,EHM53786.1
A0A0Q0A4W4,KPY58618.1
A0A0P9JZQ5,KPW48258.1
A0A0F0EIK9,KJK08554.1
A0A2U1QYX9,PWB25614.1
A0A2N7XHW6,PMU17057.1
U4E5Y4,CCN42816.1
A0A1S1FKQ9,OHR64219.1
A0A1G6U7J6,SDD37350.1
A0A2K1F5Q4,PNQ87861.1
D6IEJ1,EFF04271.2
E3GCK8,ADO46701.1
A0A1M5QYP1,SHH18829.1
A4SR95,ABO91417.1
A0A0H3AZA1,ACA66624.1
K2RT28,EKG30413.1
A0A257BVV2,OYT80850.1
L2VHP3,ELC14067.1
W0QAH0,AHG75546.1
J5NDH6,EJS88892.1
A0A2K4GTT9,POA27076.1
A7N7H9,ABU73302.1
A0A0H3Q3R6,EEO17938.1
A0A014PSM9,EXU73867.1
V5ZCW1,CCG88799.1
J2YCD1,EJL04966.1
A0A2A2E834,PAU64374.1
A0A1X3JB33,OSL03129.1
A0A2R7U6T2,PTU03603.1
K8CV94,CCK08743.1
A0A2S7V0L7,PQJ55302.1
E3DI27,ADP10519.1
A0A235XJP3,OYF69878.1
A0A2S4TJ95,POV85044.1
A0A085TQQ4,KFE33051.1
A0A2D0J4S7,PHM29519.1
A0A0P7JHG9,KPN87705.1
A0A0F1A727,KJN17622.1
B7UK15,CAS11102.1
K8B0E6,CCJ86436.1
A0A257E2M5,OYU08066.1
B2Q5Z6,EDU57744.1
K1J356,EKB24776.1
A0A0H3EQA5,ADR28669.1
A0A1H0K732,SDO51699.1
A0A2T9DZN9,PVK29615.1
A0A2V2THQ0,PWU33552.1
V7II32,ETA84537.1
A0A2X1WYY4,SPY33763.1
A0A2U2IT08,PWF72989.1
C1DMV3,ACO77133.1
A0A0S8YQR9,KQN43405.1
A0A0H3I897,AFI92190.1
A0A2M8UVP2,PJI48568.1
A0A2U0TCI7,PVX41312.1
A0A1Y2SGE8,OTA17681.1
B0BP41,ABY69326.1
A0A263VZD0,OZP70368.1
W6J5E5,AHJ76342.1
A5UG39,ABQ99744.1
A0A2T5VJG0,PTW63893.1
A0A1N7BBQ7,SIR48772.1
A0A0M1GQQ0,KOQ98281.1
A0A0D1MG79,KIU31630.1
A0A0A2XEG7,KGQ30528.1
A0A2K0Q1Z5,PNP02792.1
D0KAP8,ACX89704.1
A0A2A2XFX2,PAY68066.1
A0A168LHM6,SAQ13805.1
C4GH68,EEP68306.1
A0A168Q7W9,SAQ19179.1
A0A168NHP5,SAQ16774.1
A0A2K4IKB1,POA48560.1
T6H860,EQP45030.1
A0A0J2GML9,KLY12433.1
A0A1B5DZL7,CRM61677.1
A0A2I8Q0R8,AUU99822.1
A0A2N8A4W0,PMY16671.1
A0A2J8GNI1,PNH87575.1
A0A1H6NEH1,SEI08486.1
A1SY27,ABM04392.1
B8F4R1,ACL32313.1
A0A0P9HFN9,KPV93975.1
A0A1M5U796,SHH58935.1
A0A2U2NIG6,PWG68709.1
A0A2X4D4N0,SQG00582.1
Q8ZLM4,AAL22274.1
A0A089WJ04,AIR89275.1
A0A1Z2SM74,ASA58197.1
A0A1X7E4Y1,SMF27335.1
A4Y2Z6,ABP74329.1
A0A1E1G4F6,BAV77542.1
A0A2S5K623,PPC61237.1
A0A1B4X8M0,BAV31146.1
A0A243U5T5,OUE76287.1
A0A1B3FHE0,AOF01221.1
A0A178J5T6,OAM97115.1
A0A2G4E7Y6,PHX45568.1
F2ZFY6,EGI01326.1
A0A2K8VYS7,AUC42399.1
A0A1H9NI93,SER35638.1
G7EWB5,GAA65188.1
A0A1I4ALJ8,SFK57070.1
D4BHT7,EFE06497.1
A0A290S8G4,ATC88353.1
A0A0W2YX87,KTK27679.1
U4KE00,CCO61326.1
A0A169KMM7,SAQ45408.1
A0A168AYQ8,SAP99210.1
A0A1I7DMP4,SFU12950.1
A0A2K4VNN6,SOS25289.1
W0A368,AHE50937.1
A0A0A4GLE8,KGU83992.1
W6VS80,EUB87174.1
T0QS07,EQC02053.1
A0A0A8RDS1,CEI03042.1
A0A2S9RR79,PRJ63614.1
A0A2K9K0I2,AUJ70833.1
A0A0A2YLK5,KGQ38179.1
N9VQP6,ENY73873.1
A0A2S9S654,PRK99693.1
S6FC25,CDF98244.1
A0A0Q0AHE7,KPY74007.1
E7A842,CBY80423.1
A0A291E927,ATG15790.1
A0A2S4IHY4,POP88486.1
A0A2X1UJN5,SPY06244.1
A0A2T9H7A6,PVL74102.1
A0A178LCS7,OAN27343.1
A0A2X4LUF7,SQH38766.1
A0A0B1YX85,KHK61787.1
A0A2S8HK18,PQP02861.1
J8W596,EJU54305.1
Q47X15,AAZ24713.1
B7LRQ8,CAQ90755.1
A0A1G9SZV1,SDM40984.1
A0A1J7LTE6,PNO33257.1
V9V568,AHC90051.1
C3K2L5,CAY52584.1
A0A0C2RVZ3,KIK88848.1
A0A2U2I0W7,PWF53386.1
A0A181CGJ0,SAY50645.1
A0A0C1KGP2,KIC82390.1
A0A2R7R831,PTT66420.1
A0A2T7AHL0,PUX07186.1
A0A0N0VYH8,KPY03943.1
A0A2S9SGC4,PRM82201.1
A0A2X4XEE0,SQI75017.1
A0A2S9RZS2,PRK63778.1
A0A2T8R1N9,PVI71105.1
A0A1X3LPI0,OSL81793.1
A0A0J6ISV0,KMN15308.1
A0A250B256,ATA20227.1
A0A2M9VJH2,PJY95445.1
A0A0H3PEF2,EDJ93227.1
K4WQQ0,EJE65596.1
A0A2L2KDT6,AVH30239.1
A0A291TW34,ATL97171.1
T6LV50,EQQ01476.1
A0A0A7EN98,AIY67556.1
A0A0A7PY85,AJA14178.1
A0A2N1GS02,PKH78215.1
F7SKR7,EGP20648.1
A0A2N1AIZ3,PKG47369.1
Q6LJ48,CAG22682.1
A0A0F4NN93,KJY84602.1
D7XKX9,EFJ87951.1
A0A0X8LJG4,AMF93064.1
A0A0U4WEN7,ALZ83650.1
A0A2I0CL29,PKF69858.1
L4V2T1,ELI21860.1
A8FZV5,ABV38378.1
J3I7F6,EJN17576.1
A0A2X4XZJ5,SQI81369.1
S1EA26,EOV75221.1
A0A0P9P3V6,KPW51511.1
A0A0U2WHY0,ALS34647.1
I2RFV3,EIG81138.1
A0A212HIH6,SAZ28329.1
A0A2S4SJ28,POV35614.1
Q1Z3L1,EAS43217.1
A0A1Q5Y1W1,OKQ00942.1
A0A0P9RE96,KPX43724.1
E3PKX5,CBJ03044.1
A0A0P9SND9,KPX00106.1
A0A1A7PME0,OBW98915.1
A0A0K9L9R4,KMZ28838.1
I2WES4,EII23152.1
A0A1V0G7I9,ARB71605.1
A0A0D7LDD9,OUE73560.1
A0A0D7LDD9,KPR56304.1
A0A0D7LDD9,ASK01975.1
A0A0D7LDD9,OIY14813.1
A0A0W8A7Y0,AUA49087.1
A0A0W8A7Y0,PVW75901.1
A0A0W8A7Y0,PPK19977.1
A0A0W8A7Y0,OWG03388.1
A0A0W8A7Y0,AVB70243.1
A0A0W8A7Y0,SQC21796.1
A0A0W8A7Y0,SQC27905.1
A0A0W8A7Y0,PCL79123.1
A0A0W8A7Y0,ARS96780.1
A0A0W8A7Y0,PVW78921.1
A0A0W8A7Y0,OXT23012.1
A0A0W8A7Y0,PAX12145.1
A0A0W8A7Y0,OWG00206.1
A0A0W8A7Y0,AUY20396.1
A0A0W8A7Y0,SQC14487.1
A0A0W8A7Y0,PXJ90908.1
A0A0W8A7Y0,SQC16803.1
A0A0W8A7Y0,PVW60377.1
A0A0W8A7Y0,ART13714.1
A0A0W8A7Y0,AIT00688.1
A0A0W8A7Y0,PVW59533.1
A0A0W8A7Y0,RAU74483.1
A0A0F7JAJ5,SQJ11385.1
A0A0F7JAJ5,PJH61425.1
A0A0F7JAJ5,AKH09041.1
A0A127MMD1,AMO74387.1
A0A127MMD1,ANI13237.1
A0A127MMD1,SFD23497.1
A0A2S8Q236,PQQ25960.1
A0A2S8Q236,PQQ25196.1
A0A0A2XRQ9,KGQ42841.1
A0A0A2XRQ9,KGQ33385.1
A0A0A2XRQ9,OZN27988.1
A0A0A2XRQ9,KGQ52514.1
A0A0A2XRQ9,OBW97633.1
A0A0A2XRQ9,KGQ63853.1
A0A0F7D1A8,ATM76553.1
A0A0F7D1A8,ALX92994.1
A0A0F7D1A8,AKG68660.1
A0A0F7D1A8,OKP18609.1
A0A1J4QMT0,PUO67420.1
A0A1J4QMT0,PUP21775.1
A0A1J4QMT0,ODK31990.1
A0A1J4QMT0,PUF80430.1
A0A1J4QMT0,OIN19070.1
A0A1J4QMT0,PTU33746.1
A0A2V1Y846,PWJ29211.1
A0A2V1Y846,SSB99635.1
A0A1L5TVW3,KMW85898.1
A0A1L5TVW3,APP56729.1
A0A1L5TVW3,SQC59727.1
A0A1L5TVW3,PWF55996.1
A0A2U1UTU7,PWC25087.1
A0A0F0XK37,RAY71714.1
A0A0F0XK37,SAZ67986.1
A0A0F0XK37,KJM85306.1
A0A100PV25,OHH05230.1
A0A100PV25,GAR76252.1
A0A100PV25,PWF40405.1
A0A100PV25,PDN80049.1
A0A1H1YL70,PHN75094.1
A0A1H1YL70,SFO20797.1
A0A1H1YL70,SOS37867.1
A0A1H1YL70,SPD84250.1
A0A1H1YL70,SDM09779.1
A0A179S7I1,OAS22132.1
A0A179S7I1,OUS87565.1
A0A179S7I1,PNG84392.1
A0A086EFY3,KFF69709.1
A0A086EFY3,PPE55920.1
A0A086EFY3,KGA31177.1
A0A166LDL7,ORL51522.1
A0A166LDL7,ATP52252.1
A0A166LDL7,ATP46944.1
A0A166LDL7,KZO56547.1
A0A166LDL7,OUM29523.1
A0A2R3FVY9,GBK93002.1
A0A2R3FVY9,PRJ29705.1
A0A2R3FVY9,PRI72099.1
A0A2J3CWI3,PLJ02153.1
A0A2J3CWI3,PLG15419.1
A0A2J3CWI3,AWL63384.1
A0A223MGU0,SQF64383.1
A0A223MGU0,ASU16731.1
A0A059UXX8,KPM59405.1
A0A059UXX8,PZQ39861.1
A0A059UXX8,ORL68758.1
A0A059UXX8,AHZ79526.1
A0A059UXX8,POG07410.1
A0A059UXX8,OII56053.1
A0A2V0SZ35,GBO51406.1
A0A2V0SZ35,PXB00153.1
A0A0W8H5J9,KUG40686.1
A0A0W8H5J9,PAB32372.1
A0A0Y4ZID0,SPY03186.1
A0A0Y4ZID0,ARC07544.1
A0A0Y4ZID0,CWU21412.1
A0A0Y4ZID0,PKU00318.1
A0A0Y4ZID0,ANX26268.1
A0A0Y4ZID0,PBJ88079.1
A0A0Y4ZID0,CWO25708.1
A0A135NQ16,ORT71601.1
A0A135NQ16,ATB66046.1
A0A135NQ16,PYC20314.1
A0A1D9IK65,SOB54608.1
A0A1D9IK65,AOZ12393.1
A0A0N0XQ37,POP95808.1
A0A0N0XQ37,POY78886.1
A0A0N0XQ37,KPC58308.1
A0A0H3Z568,OWG36575.1
A0A0H3Z568,KZX62985.1
A0A0H3Z568,AKN28790.1
A0A0H3Z568,AEJ07006.1
A0A0H3Z568,RAA03629.1
A0A0D9AE74,ANF24394.1
A0A0D9AE74,KJH79305.1
A0A0D9AE74,PNG06179.1
A0A0Q0D494,KPZ17631.1
A0A0Q0D494,KWS12172.1
A0A0M0QMI7,KTO48376.1
A0A0M0QMI7,KTO72750.1
A0A1I4RGU9,PHN41143.1
A0A1I4RGU9,PPL11958.1
A0A1I4RGU9,SFM51256.1
A0A1I4RGU9,POF37645.1
A0A1I4RGU9,OUM05653.1
A0A0D7EBC9,KKJ98808.1
A0A0D7EBC9,PNF59122.1
A0A0D7EBC9,PNG01491.1
A0A0D7EBC9,PNF81490.1
A0A0D7EBC9,POH82711.1
A0A0D7EBC9,KIZ38028.1
A0A1S0Z6K5,OHG56886.1
A0A1S0Z6K5,PUN46295.1
A0A0P9VCB3,KPY01187.1
A0A0P9VCB3,KWS38543.1
A0A0P9VCB3,PAB27726.1
A0A0C1W3U8,RAI62823.1
A0A0C1W3U8,PCR95446.1
A0A0C1W3U8,KIF57073.1
A0A0Y7KYU2,SQG87678.1
A0A0Y7KYU2,PRI54531.1
A0A0Y7KYU2,SQG35903.1
A0A0Y7KYU2,AWP56070.1
A0A0Y7KYU2,AWP54665.1
A0A0Y7KYU2,PRK56988.1
A0A084EA93,KEZ14885.1
A0A084EA93,AMW17470.1
A0A1R3ALG4,KOX81481.1
A0A1R3ALG4,AVU91965.1
A0A232S1I5,PUU03118.1
A0A232S1I5,PXQ47422.1
A0A0E1P2K6,AJJ81758.1
A0A0E1P2K6,ABG15198.1
A0A176NMF6,AXA63083.1
A0A176NMF6,AXA57369.1
A0A176NMF6,OAB52341.1
A0A0D0IE03,KIS36427.1
A0A0D0IE03,SPX42784.1
A0A0D0IE03,PRL49204.1
A0A0P9MGA1,SPF17018.1
A0A0P9MGA1,KPW83330.1
A0A099N4P7,PBJ97469.1
A0A099N4P7,AJG17248.1
A0A0N8HP22,ARP25560.1
A0A0N8HP22,KPM97852.1
A0A0N8HP22,AVF73542.1
A0A073KXF4,ODR85801.1
A0A073KXF4,KEK27063.1
A0A2D0JKB7,PHM50223.1
A0A2D0JKB7,PHM46756.1
A0A078LP98,AVE58029.1
A0A078LP98,CDZ86139.1
A0A0T9KLU7,PEI15010.1
A0A0T9KLU7,PSH22691.1
A0A0T9KLU7,CNC71893.1
A0A2K4WJZ3,SOS36222.1
A0A2K4WJZ3,SPF20388.1
A0A075P864,OZO47729.1
A0A075P864,PRA36183.1
A0A075P864,OKP70552.1
A0A075P864,AOE70254.1
A0A075P864,KWV89017.1
A0A075P864,AIG03140.1
A0A075P864,SQF94469.1
A0A075P864,KIR22700.1
A0A075P864,KTB55597.1
A0A075P864,KWU50408.1
A0A075P864,PRW92819.1
A0A075P864,OPA97508.1
A0A075P864,PRW67936.1
A0A075P864,OPA84433.1
A0A075P864,KWV71314.1
A0A2A9DHQ9,AVJ40299.1
A0A2A9DHQ9,PFG26228.1
A0A0E3W0I6,CPR29774.1
A0A0E3W0I6,CPR29773.1
A0A0E3W0I6,PAR98789.1
A0A0E3W0I6,PNV72953.1
A0A1H5AFQ6,AVE08240.1
A0A1H5AFQ6,SED41246.1
A0A1H5AFQ6,PTC24277.1
A0A125YST7,OKA25003.1
A0A125YST7,ALE90928.1
A0A085R5G1,KFE27872.1
A0A085R5G1,AKO76494.1
A0A085R5G1,CSD04507.1
A0A085R5G1,CSC99727.1
A0A085R5G1,PYC81731.1
A0A085R5G1,CSA26450.1
A0A1H2HHP8,AMW81313.1
A0A1H2HHP8,SDU31078.1
A0A1H0R1Q1,SDP23461.1
A0A1H0R1Q1,OLT99530.1
A0A080VJM4,OTI57436.1
A0A080VJM4,KSH18784.1
A0A080VJM4,SOV27604.1
A0A080VJM4,PWH88021.1
A0A080VJM4,PXA54732.1
A0A080VJM4,RAP68131.1
A0A080VJM4,CRQ69481.1
A0A080VJM4,AWS93229.1
A0A080VJM4,PXB84252.1
A0A080VJM4,PXB81799.1
A0A080VJM4,ALV80455.1
A0A080VJM4,SPY74829.1
A0A080VJM4,AVR81372.1
A0A080VJM4,OZO18466.1
A0A219A9T9,OWQ42208.1
A0A219A9T9,PRC12729.1
A0A219A9T9,PFG61294.1
A0A085U6S7,CEK26096.1
A0A085U6S7,ARY99608.1
A0A1B9PGW9,OCH32096.1
A0A1B9PGW9,OED58340.1
A0A0I1XMY3,CST12890.1
A0A0I1XMY3,SRS45888.1
A0A0I1XMY3,CSR96594.1
A0A0I1XMY3,OYI05682.1
A0A0I1XMY3,CSK74938.1
A0A0I1XMY3,CSP66529.1
A0A0I1XMY3,ARS05431.1
A0A0I1XMY3,AWX20073.1
A0A2X4V658,PYD36361.1
A0A2X4V658,SQI46049.1
A0A2G2N8U8,PHS50368.1
A0A2G2N8U8,PHS43705.1
A0A0D0P226,ALI08139.1
A0A0D0P226,AUM71974.1
A0A0D0P226,KJH82561.1
A0A0D0P226,KIQ56284.1
A0A1E3WYS8,ATD04873.1
A0A1E3WYS8,ODS14929.1
A0A0B3BPD6,SIP86895.1
A0A0B3BPD6,KHO64480.1
A7K1W5,EDN57410.1
A0A068RBM7,CDG46944.1
I6FAG6,EIQ53258.1
A0A0G4BVS3,AKM91573.1
A0A0G4BVS3,AKM91651.1
A0A1N7U9F7,SFB47624.1
A0A1N7U9F7,PRW84851.1
A0A1N7U9F7,AIB38722.1
E2QFE8,SPW46170.1
E2QFE8,ANK34111.1
E2QFE8,RAX77130.1
E2QFE8,PIM26211.1
E2QFE8,CTV19259.1
E2QFE8,POH76523.1
E2QFE8,SQN25591.1
E2QFE8,RAX59802.1
E2QFE8,PVH45524.1
E2QFE8,RAX60571.1
E2QFE8,PYZ88250.1
E2QFE8,PPE26156.1
E2QFE8,AUG95194.1
E2QFE8,PNE00029.1
E2QFE8,RAX80121.1
E2QFE8,RAX88665.1
E2QFE8,RAM06940.1
E2QFE8,PCM19347.1
E2QFE8,OUG33560.1
E2QFE8,AJO85349.1
E2QFE8,RAX92719.1
E2QFE8,RAH19095.1
E2QFE8,SQB77221.1
E2QFE8,PIM20992.1
E2QFE8,KSZ19672.1
E2QFE8,ATV49213.1
E2QFE8,AUY44430.1
A0A1G6ZTP4,SDE06164.1
A0A1G6ZTP4,PLV28016.1
A0A089PJ47,OUF46012.1
A0A089PJ47,PHH45533.1
A0A089PJ47,OHY63663.1
A0A089PJ47,OUR03977.1
A0A089PJ47,KMK10525.1
A0A2A5PZN3,OZS72086.1
A0A2A5PZN3,PCQ35976.1
A0A246NQR1,AUJ97723.1
A0A246NQR1,OWS83490.1
A0A0F4NZM8,ASD66285.1
A0A0F4NZM8,KJY88600.1
A0A2I1Y808,PLA51020.1
A0A2I1Y808,PKZ61935.1
A0A1Q6B7T0,OKW15350.1
A0A1Q6B7T0,PNY65077.1
A0A1A9JKC5,AVX91314.1
A0A1A9JKC5,ANI00180.1
A0A0L7AIP3,PDV42413.1
A0A0L7AIP3,KOA34908.1
A0A0L7AIP3,PJX96587.1
A0A2E4ZEB6,MBG23716.1
A0A2E4ZEB6,MBG23845.1
A0A120HJS0,AMA44573.1
A0A2T6X3D8,PUF29068.1
A0A2T6X3D8,PUO65784.1
A0A221T4T4,ASN83919.1
A0A221T4T4,OYN57352.1
A0A221T4T4,PVY73228.1
A0A221T4T4,AVT60522.1
A0A2U1TIZ4,PWC09383.1
A0A259N3M9,OZB31280.1
A0A212ISW9,SBV69477.1
A0A1S6TGF6,AQW74973.1
A0A2J7NYL1,PNF09181.1
A0A2J7NYL1,AUJ83287.1
A0A1I5VGC6,SFQ06540.1
A0A1I5VGC6,PIA72721.1
A0A1Y6GGR3,OWY85482.1
A0A1Y6GGR3,SMQ88652.1
A0A2W0ZK10,AXF27811.1
A0A2W0ZK10,ATN99862.1
A0A2W0ZK10,PQW63204.1
A0A2W0ZK10,PPM31541.1
A0A2W0ZK10,PQW51381.1
L8XET3,ELU50434.1
L8XET3,ARV74734.1
A0A1X1E400,ORM83635.1
A0A1X1E400,AUX92037.1
A0A2J7RYW8,PNF68926.1
A0A2J7RYW8,PNF55498.1
A0A2J7RYW8,PNF46019.1
A0A2J7RYW8,PNF64287.1
A0A1H6RGK0,SEI74074.1
A0A1H6RGK0,SEQ42611.1
A0A1H6RGK0,SEI51657.1
A0A142NFD4,PYB97963.1
A0A142NFD4,AMT90964.1
A0A142NFD4,OFJ42457.1
A0A0A3ALT2,KGQ45589.1
A0A0A3ALT2,OZN49034.1
A0A0D7L1X6,OUE64333.1
A0A0D7L1X6,ASG42522.1
A0A0D7L1X6,OCO59380.1
A0A0D7L1X6,KJC00376.1
A0A0D7L1X6,OIK40413.1
A0A0D7L1X6,KWZ90397.1
A0A0D7L1X6,OYQ91822.1
A0A0D7L1X6,KKC28403.1
A0A0D7L1X6,OEH20402.1
A0A0F0T0L3,ORC25155.1
A0A0F0T0L3,KJM29770.1
A0A193SVH4,SOS22953.1
A0A193SVH4,CZT30813.1
A0A1G5RKL4,SCZ73789.1
A0A1G5RKL4,OWO80337.1
A0A1C3QF99,OON83454.1
A0A1C3QF99,SBY80103.1
A0A2X5L8E1,SQK45577.1
A0A2X5L8E1,SQR06178.1
A0A2X5L8E1,SQJ56360.1
A0A1M0CTJ1,SQJ73522.1
A0A1M0CTJ1,PWH59416.1
A0A1M0CTJ1,PAQ99421.1
A0A1M0CTJ1,OJK73024.1
A0A1M0CTJ1,AWT03241.1
A0A127HS07,AMN77384.1
A0A127HS07,ONH41037.1
A0A127HS07,AQT96630.1
A0A0P9UX49,KPX30195.1
A0A0P9UX49,KWS76948.1
A0A0T7RZY9,CNV21244.1
A0A0T7RZY9,CFW77418.1
A0A1H2P372,SQH36347.1
A0A1H2P372,SDV12149.1
A0A1P8MLU2,APX09050.1
A0A1P8MLU2,OQQ04819.1
A0A1P8MLU2,AUW05919.1
A0A0R2ZUW8,KRP63869.1
A0A0R2ZUW8,AUZ48298.1
A0A086G953,KFF87717.1
A0A086G953,OQV66819.1
A0A0J1RFL3,SAF33948.1
A0A0J1RFL3,KJB99314.1
A0A0J1RFL3,SAD16743.1
A0A2N0DT66,PKA71035.1
A0A2N0DT66,PTC15986.1
A0A0M9H9E5,PYD10845.1
A0A0M9H9E5,KPY69610.1
A0A0M9H9E5,POP77260.1
A0A0M9H9E5,POQ03518.1
A0A0D9H941,AJB64673.1
A0A0D9H941,KTJ26876.1
A0A0N8UJ46,KQA23409.1
A0A0N8UJ46,KQB03760.1
A0A168JWP5,SAQ69041.1
A0A168JWP5,AUV90054.1
A0A168JWP5,AUW11467.1
A0A0X8EV41,PAA07749.1
A0A0X8EV41,OZY40788.1
A0A0X8EV41,PAA43154.1
A0A0X8EV41,PAA38671.1
A0A0X8EV41,PAA18548.1
A0A0X8EV41,PAA22982.1
A0A0X8EV41,PAA01603.1
A0A0X8EV41,PAA34795.1
A0A0X8EV41,PAA24238.1
A0A0X8EV41,PRW98322.1
A0A0X8EV41,OZY64331.1
A0A0X8EV41,AMB78110.1
A0A1H1YG12,SDT20311.1
A0A1H1YG12,PWE46053.1
A0A1V8MQN8,POC77729.1
A0A1V8MQN8,POC62089.1
A0A1V8MQN8,POC25283.1
A0A248KUR6,ASI30845.1
A0A248KUR6,PBO09240.1
A0A1H5E429,PVY48885.1
A0A1H5E429,SED85813.1
A0A0N0FF11,KPC06978.1
A0A0N0FF11,PYD05655.1
A0A0N0FF11,KPB73403.1
A0A0N0FF11,KPX73416.1
A0A0N0FF11,KPB81300.1
A0A261WLJ6,POD08935.1
A0A261WLJ6,OZI87028.1
A0A0F5EZR8,POY46650.1
A0A0F5EZR8,KKB02078.1
A0A0F5EPY8,PXZ39918.1
A0A0F5EPY8,KKA98454.1
A0A0N0G428,PWD01823.1
A0A0N0G428,KPC13983.1
A0A0N0G428,KPX57593.1
A0A2S9U292,PRN05360.1
A0A0U1I6Y7,PHZ30604.1
A0A0U1I6Y7,CQJ22325.1
A0A2V3YW87,PXX70233.1
A0A0P9IJZ9,PHN47485.1
A0A0P9IJZ9,KPW37026.1
A0A142FZ89,AMQ93719.1
A0A142FZ89,OZV19053.1
A0A2G9L9X3,PIN63297.1
A0A2G9L9X3,GBH13101.1
A0A2G9L9X3,GBH15353.1
A0A0H5M0U4,CRY56677.1
A0A1B8YKW5,OCA55790.1
A0A0N8HK63,KPM83000.1
A0A0T9U3T5,CNL17481.1
